variant_id,model_year,region,body_style,trim_level,drivetrain,wheelbase_mm,curb_mass_kg,drag_coefficient,frontal_area_m2,max_payload_kg,tow_rating_kg,homologation_code,active_aero
OAM-V0001,2025,KR,wagon,Fleet,4WD,2549,1617,0.344,2.75,446,1621,AU-2025-3016,true
OAM-V0002,2026,JP,van,Base,4WD,2916,2152,0.375,2.15,573,1743,EU-2026-8502,false
OAM-V0003,2027,LATAM,sedan,Performance,RWD,2854,1490,0.229,2.65,418,1733,KR-2027-8892,true
OAM-V0004,2024,EU,sedan,Base,AWD,3004,1526,0.254,3.15,599,1446,UK-2024-2495,true
OAM-V0005,2025,NA,pickup,Touring,4WD,3190,2239,0.267,2.43,657,2200,JP-2025-8832,false
OAM-V0006,2026,GCC,wagon,Executive,FWD,2939,1600,0.268,2.90,669,1665,LATAM-2026-9064,false
OAM-V0007,2027,GCC,liftback,Sport,4WD,3143,1571,0.227,2.15,514,839,EU-2027-8754,true
OAM-V0008,2024,JP,pickup,Sport,FWD,3136,2170,0.299,3.10,592,2466,UK-2024-3534,false
OAM-V0009,2025,KR,suv,Sport,4WD,3171,2029,0.221,2.87,640,1455,LATAM-2025-2519,false
OAM-V0010,2026,KR,pickup,Base,AWD,2846,2280,0.343,2.75,394,2072,LATAM-2026-6119,true
OAM-V0011,2027,EU,van,Premium,FWD,2870,2159,0.297,2.21,409,2372,EU-2027-5394,false
OAM-V0012,2024,UK,van,Sport,FWD,2751,2147,0.388,3.02,593,1468,JP-2024-8051,true
OAM-V0013,2025,GCC,pickup,Executive,RWD,2959,2323,0.331,2.31,455,1694,KR-2025-8228,false
OAM-V0014,2026,JP,wagon,Touring,4WD,2845,1454,0.347,3.06,630,1228,NA-2026-7201,false
OAM-V0015,2027,JP,pickup,Fleet,4WD,3012,2002,0.345,2.94,547,1397,AU-2027-2757,false
OAM-V0016,2024,AU,van,Executive,RWD,3172,2172,0.272,2.55,485,1486,NA-2024-1572,true
OAM-V0017,2025,UK,sedan,Premium,RWD,2844,1430,0.265,2.91,382,37,AU-2025-3799,true
OAM-V0018,2026,KR,wagon,Sport,AWD,2456,1811,0.241,2.68,551,1403,EU-2026-5438,true
OAM-V0019,2027,JP,van,Premium,4WD,2757,2211,0.348,2.75,476,524,EU-2027-5982,false
OAM-V0020,2024,UK,van,Touring,4WD,2989,2202,0.297,2.48,546,1884,NA-2024-7534,false
OAM-V0021,2025,GCC,wagon,Fleet,AWD,2741,1555,0.280,3.07,550,1598,AU-2025-8042,false
OAM-V0022,2026,KR,wagon,Fleet,FWD,2817,1597,0.339,2.80,479,812,UK-2026-8270,false
OAM-V0023,2027,NA,sedan,Touring,FWD,2861,1589,0.298,2.38,468,1915,KR-2027-7552,false
OAM-V0024,2024,AU,suv,Performance,4WD,2483,2152,0.240,2.68,459,210,JP-2024-8922,true
OAM-V0025,2025,NA,sedan,Touring,RWD,3057,1486,0.252,2.48,600,1077,LATAM-2025-6026,false
OAM-V0026,2026,EU,sedan,Fleet,FWD,2858,1594,0.299,2.51,605,1311,JP-2026-9185,true
OAM-V0027,2027,EU,liftback,Performance,4WD,3069,1495,0.355,2.32,701,1077,JP-2027-7425,false
OAM-V0028,2024,NA,liftback,Executive,AWD,2800,1499,0.342,2.17,585,812,LATAM-2024-9905,true
OAM-V0029,2025,AU,van,Sport,AWD,2967,1986,0.380,2.64,433,1963,KR-2025-7205,true
OAM-V0030,2026,EU,pickup,Premium,4WD,3106,2329,0.224,2.48,490,2067,KR-2026-2985,false
OAM-V0031,2027,LATAM,pickup,Executive,AWD,2958,2081,0.333,2.20,444,1000,NA-2027-1398,true
OAM-V0032,2024,NA,liftback,Executive,FWD,2848,1700,0.392,3.16,536,1828,GCC-2024-4749,false
OAM-V0033,2025,KR,crossover,Performance,FWD,2570,1941,0.264,3.07,593,2133,UK-2025-3957,true
OAM-V0034,2026,KR,liftback,Sport,FWD,3056,1587,0.335,2.42,581,2167,AU-2026-9913,false
OAM-V0035,2027,AU,crossover,Sport,4WD,2837,1766,0.368,2.97,590,1681,GCC-2027-9037,true
OAM-V0036,2024,EU,sedan,Executive,4WD,2512,1524,0.282,2.34,628,1732,KR-2024-7830,false
OAM-V0037,2025,AU,pickup,Fleet,AWD,3146,2276,0.360,2.53,703,2381,JP-2025-1586,false
OAM-V0038,2026,AU,pickup,Sport,RWD,3218,2246,0.300,2.63,676,237,EU-2026-8644,true
OAM-V0039,2027,EU,pickup,Touring,FWD,2952,2232,0.308,2.90,533,904,AU-2027-9706,false
OAM-V0040,2024,EU,wagon,Premium,4WD,3064,1424,0.238,3.14,378,1430,LATAM-2024-5903,false
OAM-V0041,2025,JP,liftback,Base,AWD,3202,1491,0.367,3.00,451,1730,GCC-2025-3275,false
OAM-V0042,2026,KR,liftback,Sport,FWD,3115,1694,0.292,2.97,499,702,GCC-2026-8561,false
OAM-V0043,2027,AU,van,Sport,4WD,2745,2056,0.256,2.77,425,1224,JP-2027-9995,true
OAM-V0044,2024,UK,van,Fleet,RWD,3060,2107,0.232,2.87,611,1984,KR-2024-9888,false
OAM-V0045,2025,EU,suv,Fleet,RWD,2716,2030,0.366,3.13,654,2515,NA-2025-7163,false
OAM-V0046,2026,AU,liftback,Touring,4WD,3086,1579,0.275,2.57,743,909,EU-2026-3214,true
OAM-V0047,2027,LATAM,wagon,Executive,FWD,2883,1599,0.359,2.31,506,1809,UK-2027-8727,false
OAM-V0048,2024,GCC,wagon,Base,AWD,3232,1712,0.354,3.08,572,695,EU-2024-1847,false
OAM-V0049,2025,UK,crossover,Sport,FWD,2820,1717,0.355,2.63,532,1190,AU-2025-6730,true
OAM-V0050,2026,KR,crossover,Premium,FWD,2889,1837,0.261,2.49,487,2219,NA-2026-7859,true
OAM-V0051,2027,JP,pickup,Fleet,4WD,2842,2108,0.321,2.73,578,682,AU-2027-5477,false
OAM-V0052,2024,AU,suv,Fleet,FWD,3090,1961,0.317,2.16,595,457,KR-2024-2339,false
OAM-V0053,2025,NA,van,Sport,RWD,2746,2180,0.280,2.78,528,2568,UK-2025-4896,true
OAM-V0054,2026,UK,crossover,Base,4WD,2991,1925,0.271,3.03,432,433,EU-2026-9111,false
OAM-V0055,2027,NA,crossover,Executive,AWD,2748,1808,0.311,2.52,525,1799,KR-2027-2691,false
OAM-V0056,2024,NA,pickup,Base,RWD,2586,2126,0.263,2.26,562,1295,AU-2024-3791,false
OAM-V0057,2025,JP,sedan,Premium,RWD,2838,1531,0.222,2.79,500,932,GCC-2025-3508,false
OAM-V0058,2026,JP,crossover,Sport,AWD,2983,1842,0.230,2.23,579,2083,EU-2026-3355,false
OAM-V0059,2027,UK,sedan,Sport,RWD,2918,1512,0.383,2.59,575,1432,JP-2027-3660,false
OAM-V0060,2024,GCC,sedan,Fleet,4WD,2820,1442,0.264,2.72,510,1688,NA-2024-2028,false
OAM-V0061,2025,LATAM,crossover,Executive,4WD,3038,1814,0.306,2.85,521,1609,GCC-2025-1402,true
OAM-V0062,2026,KR,wagon,Sport,RWD,2629,1527,0.377,2.27,559,1152,JP-2026-7165,false
OAM-V0063,2027,GCC,crossover,Fleet,AWD,3079,1827,0.317,2.88,502,1212,KR-2027-5851,true
OAM-V0064,2024,AU,pickup,Premium,AWD,2933,2398,0.275,2.66,616,2091,UK-2024-7919,false
OAM-V0065,2025,EU,crossover,Base,AWD,3198,1947,0.328,2.50,420,992,GCC-2025-2025,false
OAM-V0066,2026,KR,pickup,Premium,4WD,3295,2240,0.284,2.63,465,475,LATAM-2026-3271,false
OAM-V0067,2027,GCC,wagon,Base,AWD,3219,1612,0.314,2.30,516,1851,GCC-2027-7879,false
OAM-V0068,2024,KR,wagon,Executive,4WD,2813,1842,0.388,2.28,579,2229,GCC-2024-3872,false
OAM-V0069,2025,EU,liftback,Sport,FWD,2876,1721,0.231,2.66,559,2562,KR-2025-2231,false
OAM-V0070,2026,UK,pickup,Touring,FWD,2713,2125,0.317,2.67,612,871,GCC-2026-9876,true
OAM-V0071,2027,NA,crossover,Premium,RWD,3065,1785,0.365,2.68,494,2272,EU-2027-2191,true
OAM-V0072,2024,UK,wagon,Base,4WD,2905,1699,0.343,2.19,634,2106,GCC-2024-3740,true
OAM-V0073,2025,AU,suv,Executive,AWD,3165,2103,0.257,2.97,671,1036,JP-2025-8215,false
OAM-V0074,2026,AU,sedan,Touring,AWD,2595,1629,0.392,2.44,576,1556,UK-2026-3560,true
OAM-V0075,2027,UK,suv,Sport,4WD,2956,2215,0.222,3.04,432,1531,EU-2027-5644,false
OAM-V0076,2024,EU,wagon,Executive,AWD,2773,1663,0.376,2.84,403,1752,UK-2024-4397,false
OAM-V0077,2025,GCC,pickup,Executive,4WD,2832,2286,0.334,2.78,627,2853,UK-2025-6972,false
OAM-V0078,2026,GCC,crossover,Executive,FWD,2560,1707,0.286,2.93,569,770,NA-2026-1673,true
OAM-V0079,2027,LATAM,wagon,Performance,AWD,2968,1572,0.335,3.04,371,1687,GCC-2027-2063,false
OAM-V0080,2024,AU,crossover,Touring,4WD,2744,1618,0.221,2.97,709,2153,KR-2024-6233,true
OAM-V0081,2025,LATAM,crossover,Base,4WD,2764,1665,0.375,3.11,531,1538,LATAM-2025-7432,false
OAM-V0082,2026,NA,van,Executive,FWD,2980,2114,0.244,2.29,453,681,JP-2026-3652,false
OAM-V0083,2027,GCC,van,Sport,4WD,2999,2145,0.385,2.55,523,1666,GCC-2027-7697,true
OAM-V0084,2024,AU,crossover,Base,4WD,3093,1852,0.374,2.72,396,298,JP-2024-3925,false
OAM-V0085,2025,AU,sedan,Fleet,FWD,2931,1405,0.259,2.47,701,1318,JP-2025-1478,true
OAM-V0086,2026,AU,crossover,Base,4WD,2923,1694,0.359,2.77,576,1754,KR-2026-5990,false
OAM-V0087,2027,AU,crossover,Base,RWD,3118,1925,0.326,2.38,485,2256,LATAM-2027-9225,true
OAM-V0088,2024,LATAM,pickup,Executive,FWD,2914,2290,0.264,2.33,762,960,KR-2024-7567,true
OAM-V0089,2025,AU,sedan,Fleet,RWD,2826,1625,0.324,3.02,474,1852,EU-2025-4800,true
OAM-V0090,2026,KR,pickup,Base,FWD,2863,2260,0.378,2.93,510,1246,LATAM-2026-5781,true
OAM-V0091,2027,JP,sedan,Sport,AWD,2809,1594,0.378,3.14,589,2000,AU-2027-7113,false
OAM-V0092,2024,UK,van,Fleet,AWD,2744,2154,0.239,2.76,456,1403,KR-2024-2958,false
OAM-V0093,2025,NA,crossover,Fleet,RWD,2732,1789,0.315,2.99,646,2135,UK-2025-6748,false
OAM-V0094,2026,AU,van,Premium,RWD,2989,2183,0.326,2.74,647,211,JP-2026-5756,true
OAM-V0095,2027,UK,van,Base,RWD,3084,2294,0.364,3.11,501,927,KR-2027-4716,true
OAM-V0096,2024,KR,wagon,Touring,RWD,3006,1500,0.282,2.31,561,1203,JP-2024-5480,false
OAM-V0097,2025,GCC,suv,Fleet,FWD,3213,1905,0.352,3.12,408,2958,KR-2025-7325,false
OAM-V0098,2026,KR,van,Fleet,RWD,2833,2195,0.242,2.84,530,1201,UK-2026-6105,false
OAM-V0099,2027,KR,suv,Fleet,AWD,2844,1902,0.349,2.35,489,1370,NA-2027-8570,true
OAM-V0100,2024,LATAM,liftback,Touring,RWD,2883,1449,0.341,2.42,561,1723,AU-2024-8869,false
OAM-V0101,2025,KR,crossover,Fleet,AWD,2884,1641,0.330,2.91,428,1837,NA-2025-4073,true
OAM-V0102,2026,UK,wagon,Sport,4WD,2648,1706,0.345,2.56,580,959,UK-2026-9283,false
OAM-V0103,2027,AU,crossover,Fleet,4WD,2607,1767,0.298,2.47,528,2184,KR-2027-2019,true
OAM-V0104,2024,LATAM,van,Executive,FWD,3209,1997,0.358,3.04,447,2730,AU-2024-5351,true
OAM-V0105,2025,JP,van,Executive,RWD,3069,2285,0.247,2.30,460,3000,NA-2025-1125,false
OAM-V0106,2026,LATAM,suv,Performance,RWD,2893,1978,0.302,2.70,768,462,EU-2026-3191,false
OAM-V0107,2027,UK,van,Base,FWD,3137,2079,0.318,3.12,605,2329,JP-2027-5669,false
OAM-V0108,2024,GCC,crossover,Fleet,FWD,3054,1631,0.290,2.79,740,3069,AU-2024-2556,false
OAM-V0109,2025,UK,crossover,Executive,AWD,2691,1773,0.287,2.66,446,2211,NA-2025-7368,false
OAM-V0110,2026,KR,liftback,Sport,FWD,2779,1615,0.248,3.04,595,1604,GCC-2026-8892,true
OAM-V0111,2027,NA,liftback,Fleet,RWD,2715,1536,0.341,2.86,586,1710,NA-2027-3737,true
OAM-V0112,2024,LATAM,van,Fleet,4WD,2645,2171,0.385,2.87,641,748,GCC-2024-1250,false
OAM-V0113,2025,KR,pickup,Touring,FWD,2774,2034,0.335,2.13,604,2007,LATAM-2025-6515,true
OAM-V0114,2026,LATAM,sedan,Base,4WD,2810,1470,0.320,2.39,561,1411,GCC-2026-3506,false
OAM-V0115,2027,UK,pickup,Touring,AWD,3043,2137,0.260,2.57,566,1848,AU-2027-8483,false
OAM-V0116,2024,NA,van,Premium,RWD,3077,2289,0.369,3.12,574,1811,NA-2024-5425,true
OAM-V0117,2025,UK,pickup,Touring,AWD,3071,2254,0.224,3.13,724,1554,NA-2025-3435,false
OAM-V0118,2026,AU,crossover,Performance,4WD,2738,1874,0.300,2.27,437,1039,KR-2026-4816,false
OAM-V0119,2027,NA,wagon,Base,4WD,2812,1614,0.364,2.65,625,2545,UK-2027-2817,true
OAM-V0120,2024,AU,liftback,Performance,4WD,2900,1533,0.300,2.81,568,1739,AU-2024-1406,true
OAM-V0121,2025,AU,liftback,Sport,FWD,2515,1689,0.362,2.39,657,1805,AU-2025-4721,true
OAM-V0122,2026,JP,van,Performance,AWD,2632,2271,0.304,2.32,607,1186,LATAM-2026-8929,false
OAM-V0123,2027,JP,van,Base,AWD,3391,1981,0.385,2.94,605,840,JP-2027-4507,true
OAM-V0124,2024,EU,crossover,Executive,RWD,2664,1734,0.337,2.58,630,2098,AU-2024-7496,false
OAM-V0125,2025,KR,liftback,Sport,FWD,2894,1644,0.295,3.15,647,2613,UK-2025-7979,false
OAM-V0126,2026,GCC,suv,Touring,AWD,2714,2038,0.317,2.30,475,1616,KR-2026-2285,false
OAM-V0127,2027,GCC,suv,Premium,AWD,3318,2118,0.274,2.61,533,1852,JP-2027-6014,true
OAM-V0128,2024,UK,liftback,Fleet,4WD,2884,1541,0.374,2.34,589,579,NA-2024-6732,false
OAM-V0129,2025,JP,suv,Touring,AWD,2947,1971,0.340,2.48,550,534,EU-2025-1901,true
OAM-V0130,2026,UK,crossover,Performance,AWD,2869,1853,0.246,3.16,446,1760,LATAM-2026-1485,true
OAM-V0131,2027,KR,crossover,Fleet,4WD,2794,1605,0.293,2.90,486,1153,JP-2027-1536,false
OAM-V0132,2024,NA,wagon,Performance,FWD,2806,1598,0.321,2.31,731,2409,NA-2024-9349,false
OAM-V0133,2025,NA,sedan,Performance,4WD,2727,1431,0.265,2.39,582,1641,NA-2025-5093,true
OAM-V0134,2026,NA,pickup,Base,4WD,3326,2158,0.272,2.22,531,2018,GCC-2026-9256,false
OAM-V0135,2027,JP,liftback,Sport,FWD,2918,1712,0.278,2.66,540,1021,GCC-2027-2710,false
OAM-V0136,2024,NA,liftback,Base,4WD,2993,1553,0.356,2.42,490,244,AU-2024-6037,true
OAM-V0137,2025,KR,sedan,Executive,RWD,3160,1720,0.366,2.31,393,1502,KR-2025-8235,false
OAM-V0138,2026,LATAM,wagon,Executive,FWD,2837,1724,0.232,2.75,720,362,UK-2026-9355,true
OAM-V0139,2027,LATAM,crossover,Executive,4WD,3123,1657,0.323,2.11,535,661,GCC-2027-7469,false
OAM-V0140,2024,EU,liftback,Performance,AWD,2555,1624,0.361,2.93,590,2635,UK-2024-1771,false
OAM-V0141,2025,JP,suv,Performance,4WD,2758,1956,0.327,2.37,621,1807,EU-2025-8638,false
OAM-V0142,2026,KR,suv,Fleet,FWD,2919,1971,0.245,2.10,621,1676,LATAM-2026-6323,true
OAM-V0143,2027,UK,wagon,Sport,RWD,2968,1643,0.229,2.64,608,2199,AU-2027-4591,false
OAM-V0144,2024,JP,suv,Premium,AWD,2939,2057,0.218,2.52,445,1097,AU-2024-3458,true
OAM-V0145,2025,AU,sedan,Base,4WD,2947,1438,0.359,3.16,412,2880,KR-2025-7666,false
OAM-V0146,2026,LATAM,crossover,Performance,FWD,3042,1864,0.296,2.63,560,1060,GCC-2026-8959,true
OAM-V0147,2027,GCC,wagon,Fleet,4WD,3009,1581,0.257,2.15,471,2469,GCC-2027-5267,false
OAM-V0148,2024,UK,suv,Touring,RWD,3274,2001,0.244,2.85,502,1324,GCC-2024-2806,false
OAM-V0149,2025,NA,crossover,Base,FWD,2955,1540,0.293,2.73,500,2086,UK-2025-6479,true
OAM-V0150,2026,AU,sedan,Touring,AWD,2789,1493,0.369,2.27,648,1955,NA-2026-9371,true
OAM-V0151,2027,NA,van,Executive,AWD,2660,2063,0.386,3.08,565,681,NA-2027-6090,false
OAM-V0152,2024,KR,van,Executive,RWD,3182,2142,0.333,2.17,414,2069,AU-2024-8536,true
OAM-V0153,2025,LATAM,wagon,Sport,AWD,3046,1793,0.375,2.80,610,1811,NA-2025-1911,false
OAM-V0154,2026,KR,suv,Sport,4WD,2911,2100,0.300,2.20,496,2008,UK-2026-9053,true
OAM-V0155,2027,AU,suv,Executive,AWD,2598,1882,0.279,3.15,545,892,EU-2027-2662,false
OAM-V0156,2024,EU,sedan,Touring,RWD,2800,1523,0.309,2.40,459,486,GCC-2024-4101,true
OAM-V0157,2025,GCC,van,Premium,4WD,2772,2116,0.246,2.56,478,585,GCC-2025-3872,true
OAM-V0158,2026,KR,crossover,Premium,FWD,3096,1718,0.251,3.09,676,2362,LATAM-2026-5744,false
OAM-V0159,2027,AU,van,Fleet,4WD,3106,2066,0.380,2.22,606,2914,UK-2027-5097,true
OAM-V0160,2024,KR,wagon,Performance,AWD,2860,1490,0.278,3.14,514,2373,KR-2024-4315,false
OAM-V0161,2025,GCC,pickup,Base,4WD,3018,2170,0.379,2.91,489,2386,NA-2025-3332,false
OAM-V0162,2026,LATAM,wagon,Base,4WD,3198,1619,0.341,2.09,502,2385,LATAM-2026-6409,false
OAM-V0163,2027,JP,wagon,Sport,AWD,2936,1643,0.306,2.45,425,2212,UK-2027-4172,false
OAM-V0164,2024,KR,pickup,Base,AWD,2919,2190,0.358,2.43,624,2092,KR-2024-9816,false
OAM-V0165,2025,LATAM,crossover,Sport,RWD,3113,1594,0.249,2.25,546,542,UK-2025-9366,false
OAM-V0166,2026,UK,crossover,Performance,RWD,2840,1841,0.233,2.40,507,705,GCC-2026-7746,true
OAM-V0167,2027,LATAM,crossover,Base,4WD,2854,1689,0.222,2.84,508,1660,GCC-2027-3187,false
OAM-V0168,2024,UK,pickup,Touring,RWD,3094,2121,0.264,2.26,676,1312,GCC-2024-3386,false
OAM-V0169,2025,GCC,liftback,Sport,4WD,2900,1415,0.380,2.68,506,1388,LATAM-2025-3325,true
OAM-V0170,2026,AU,van,Premium,4WD,3131,2124,0.336,3.11,645,1042,LATAM-2026-4730,true
OAM-V0171,2027,AU,liftback,Performance,FWD,3162,1486,0.248,2.65,446,1890,NA-2027-5050,true
OAM-V0172,2024,UK,pickup,Sport,FWD,3075,2329,0.349,2.24,531,1441,AU-2024-8212,true
OAM-V0173,2025,KR,crossover,Sport,RWD,3117,1701,0.222,2.32,571,2970,KR-2025-4388,false
OAM-V0174,2026,JP,sedan,Performance,AWD,2919,1542,0.318,2.96,732,1305,KR-2026-2968,false
OAM-V0175,2027,JP,suv,Sport,FWD,2796,2025,0.228,2.28,575,1202,AU-2027-1893,false
OAM-V0176,2024,UK,liftback,Performance,4WD,3251,1502,0.270,3.09,409,573,UK-2024-7647,false
OAM-V0177,2025,KR,crossover,Fleet,AWD,3061,1702,0.336,2.45,657,297,KR-2025-9861,false
OAM-V0178,2026,AU,crossover,Executive,AWD,2767,1727,0.271,2.68,457,2219,EU-2026-7006,true
OAM-V0179,2027,AU,sedan,Executive,AWD,2705,1450,0.230,2.91,437,2087,GCC-2027-7798,true
OAM-V0180,2024,NA,pickup,Sport,RWD,2872,2370,0.237,2.58,508,1250,LATAM-2024-3923,false
OAM-V0181,2025,NA,suv,Fleet,FWD,2852,1957,0.290,2.72,564,716,JP-2025-3818,false
OAM-V0182,2026,EU,crossover,Touring,4WD,2979,1702,0.286,2.63,529,0,UK-2026-3168,true
OAM-V0183,2027,NA,pickup,Performance,AWD,3051,2288,0.222,2.65,591,193,NA-2027-3613,true
OAM-V0184,2024,KR,sedan,Performance,4WD,2716,1333,0.371,2.41,613,1576,AU-2024-3333,false
OAM-V0185,2025,NA,van,Premium,RWD,2784,2197,0.297,3.05,621,1515,GCC-2025-8449,false
OAM-V0186,2026,UK,sedan,Premium,FWD,3157,1496,0.286,2.98,574,1861,GCC-2026-1290,false
OAM-V0187,2027,KR,van,Performance,AWD,2570,2275,0.234,2.31,509,1826,JP-2027-6283,true
OAM-V0188,2024,EU,pickup,Sport,AWD,2801,2127,0.359,2.64,477,1849,KR-2024-4000,false
OAM-V0189,2025,EU,sedan,Touring,AWD,2648,1515,0.301,2.60,496,1561,UK-2025-8395,false
OAM-V0190,2026,LATAM,crossover,Fleet,AWD,2918,1836,0.355,3.17,528,1445,GCC-2026-3219,true
OAM-V0191,2027,NA,van,Performance,AWD,3227,2083,0.319,2.71,568,2468,GCC-2027-1330,false
OAM-V0192,2024,LATAM,wagon,Performance,AWD,2938,1605,0.220,2.75,529,849,LATAM-2024-4795,false
OAM-V0193,2025,GCC,van,Executive,FWD,2907,2052,0.286,2.20,429,1476,LATAM-2025-3626,false
OAM-V0194,2026,UK,suv,Fleet,AWD,2800,1993,0.265,2.38,637,1275,JP-2026-2202,true
OAM-V0195,2027,AU,sedan,Base,RWD,2997,1415,0.237,2.35,572,1698,EU-2027-8738,false
OAM-V0196,2024,KR,suv,Base,RWD,2908,1964,0.255,2.47,598,2055,UK-2024-6293,true
OAM-V0197,2025,NA,sedan,Performance,AWD,2613,1430,0.307,2.30,371,2579,JP-2025-3129,true
OAM-V0198,2026,EU,crossover,Fleet,4WD,2942,1820,0.330,3.02,453,1642,EU-2026-4520,false
OAM-V0199,2027,UK,sedan,Base,AWD,2938,1481,0.375,2.68,565,1359,UK-2027-2993,false
OAM-V0200,2024,AU,crossover,Premium,FWD,3246,1838,0.310,2.79,660,1287,NA-2024-2487,false
OAM-V0201,2025,EU,liftback,Sport,RWD,3036,1625,0.299,2.92,452,2307,LATAM-2025-5295,false
OAM-V0202,2026,KR,liftback,Executive,AWD,2974,1475,0.388,2.35,820,3447,KR-2026-4552,false
OAM-V0203,2027,JP,sedan,Sport,4WD,2796,1539,0.244,2.94,499,361,LATAM-2027-4034,true
OAM-V0204,2024,LATAM,sedan,Touring,RWD,2855,1576,0.348,2.74,583,116,AU-2024-5876,true
OAM-V0205,2025,KR,liftback,Base,RWD,2949,1614,0.244,3.04,636,1542,UK-2025-5504,false
OAM-V0206,2026,KR,van,Fleet,RWD,2844,2157,0.360,2.71,644,1758,AU-2026-6591,true
OAM-V0207,2027,UK,crossover,Fleet,RWD,3156,1955,0.349,2.98,421,1575,KR-2027-4946,false
OAM-V0208,2024,JP,pickup,Performance,AWD,3055,2285,0.233,2.08,579,1540,JP-2024-8881,true
OAM-V0209,2025,GCC,pickup,Fleet,RWD,2812,2191,0.257,2.21,566,2242,NA-2025-1112,true
OAM-V0210,2026,JP,van,Premium,4WD,3055,2133,0.225,2.90,507,587,EU-2026-8694,true
OAM-V0211,2027,LATAM,suv,Touring,AWD,3038,1893,0.263,2.59,574,1392,NA-2027-1576,true
OAM-V0212,2024,NA,van,Sport,4WD,2788,2157,0.266,3.07,667,1650,NA-2024-5825,false
OAM-V0213,2025,EU,liftback,Premium,FWD,2969,1438,0.374,2.98,645,1381,NA-2025-3844,false
OAM-V0214,2026,UK,suv,Base,4WD,3026,1978,0.374,2.75,395,1753,JP-2026-2156,false
OAM-V0215,2027,GCC,crossover,Base,4WD,3020,1811,0.292,2.47,618,430,JP-2027-5949,true
OAM-V0216,2024,GCC,van,Touring,FWD,2917,2231,0.262,2.37,518,1239,AU-2024-6344,false
OAM-V0217,2025,UK,crossover,Touring,FWD,2976,1748,0.327,2.45,749,2907,EU-2025-3014,false
OAM-V0218,2026,JP,van,Sport,AWD,3262,2182,0.324,2.84,450,2630,JP-2026-5773,false
OAM-V0219,2027,EU,suv,Premium,RWD,3062,2036,0.240,3.11,549,1359,EU-2027-9851,false
OAM-V0220,2024,UK,suv,Base,AWD,3195,2049,0.291,2.42,529,621,AU-2024-6304,false
OAM-V0221,2025,EU,liftback,Base,FWD,2838,1539,0.306,3.05,724,2977,LATAM-2025-3541,false
OAM-V0222,2026,EU,sedan,Executive,4WD,2649,1613,0.253,2.30,427,2431,JP-2026-9031,false
OAM-V0223,2027,EU,liftback,Touring,4WD,2851,1516,0.320,2.97,618,1879,EU-2027-1942,false
OAM-V0224,2024,JP,wagon,Fleet,FWD,2789,1765,0.286,2.78,500,1121,NA-2024-1347,true
OAM-V0225,2025,KR,van,Fleet,AWD,2999,2305,0.308,2.48,594,2309,NA-2025-2251,false
OAM-V0226,2026,LATAM,sedan,Sport,RWD,2981,1481,0.260,2.71,522,924,EU-2026-7162,true
OAM-V0227,2027,NA,pickup,Fleet,AWD,3004,2258,0.269,3.05,679,83,AU-2027-9654,true
OAM-V0228,2024,JP,crossover,Executive,FWD,3069,1726,0.258,2.89,506,1132,AU-2024-1547,false
OAM-V0229,2025,UK,crossover,Base,FWD,2726,1879,0.223,3.07,567,2614,KR-2025-9397,true
OAM-V0230,2026,GCC,van,Sport,FWD,3105,1992,0.267,2.77,697,2176,AU-2026-3552,true
OAM-V0231,2027,AU,van,Executive,FWD,3352,2136,0.346,2.12,493,1734,UK-2027-2576,false
OAM-V0232,2024,LATAM,suv,Performance,RWD,3266,1973,0.238,2.81,610,2044,AU-2024-9302,false
OAM-V0233,2025,GCC,sedan,Fleet,FWD,2752,1352,0.327,2.40,746,2144,AU-2025-3066,true
OAM-V0234,2026,AU,wagon,Executive,RWD,2976,1793,0.364,2.39,591,2725,NA-2026-1351,false
OAM-V0235,2027,JP,wagon,Touring,RWD,2937,1855,0.219,2.20,592,1986,GCC-2027-3033,false
OAM-V0236,2024,UK,crossover,Premium,AWD,3140,1630,0.256,3.03,412,2157,NA-2024-9855,false
OAM-V0237,2025,UK,van,Executive,4WD,2770,2144,0.331,2.80,704,1006,JP-2025-2871,false
OAM-V0238,2026,EU,wagon,Performance,AWD,3094,1759,0.297,2.34,468,3380,LATAM-2026-9094,false
OAM-V0239,2027,AU,sedan,Performance,RWD,3119,1640,0.247,2.55,496,3130,LATAM-2027-1009,true
OAM-V0240,2024,UK,crossover,Sport,RWD,3082,1691,0.300,2.61,664,1747,GCC-2024-7953,true
OAM-V0241,2025,AU,crossover,Base,FWD,3126,1789,0.383,3.11,465,796,KR-2025-3449,true
OAM-V0242,2026,AU,pickup,Sport,AWD,3148,2242,0.252,3.13,495,595,EU-2026-2802,false
OAM-V0243,2027,AU,suv,Performance,RWD,2847,1976,0.359,2.32,462,2269,AU-2027-5201,true
OAM-V0244,2024,JP,sedan,Touring,RWD,2685,1450,0.256,3.14,565,923,EU-2024-6922,true
OAM-V0245,2025,NA,sedan,Performance,RWD,2814,1491,0.376,2.13,451,1725,GCC-2025-6933,false
OAM-V0246,2026,GCC,liftback,Touring,RWD,2686,1526,0.347,3.05,647,2220,LATAM-2026-2880,false
OAM-V0247,2027,KR,pickup,Sport,4WD,3068,2218,0.289,2.87,512,338,AU-2027-4324,false
OAM-V0248,2024,LATAM,pickup,Fleet,AWD,2708,2179,0.311,2.25,575,1517,KR-2024-8509,true
OAM-V0249,2025,AU,liftback,Premium,4WD,3017,1564,0.250,2.64,743,1277,AU-2025-5947,false
OAM-V0250,2026,NA,van,Performance,AWD,3154,2213,0.327,2.35,501,2115,LATAM-2026-8556,true
OAM-V0251,2027,LATAM,van,Premium,FWD,2959,2197,0.334,2.80,709,1036,UK-2027-1421,false
OAM-V0252,2024,EU,crossover,Sport,RWD,2903,1757,0.371,2.65,455,802,JP-2024-9272,false
OAM-V0253,2025,JP,sedan,Touring,AWD,2862,1384,0.321,2.80,535,1256,LATAM-2025-1603,true
OAM-V0254,2026,GCC,wagon,Performance,RWD,2864,1591,0.251,2.95,547,806,GCC-2026-7012,false
OAM-V0255,2027,AU,liftback,Sport,RWD,3078,1682,0.246,2.28,441,2351,EU-2027-1666,false
OAM-V0256,2024,GCC,van,Performance,FWD,3099,2126,0.346,3.12,511,1462,GCC-2024-3408,false
OAM-V0257,2025,GCC,van,Performance,AWD,2935,2168,0.242,2.30,383,1596,AU-2025-7165,true
OAM-V0258,2026,NA,suv,Sport,FWD,3083,2078,0.387,2.27,637,2204,JP-2026-6236,true
OAM-V0259,2027,GCC,pickup,Premium,FWD,2887,2051,0.369,2.96,653,1807,EU-2027-7351,false
OAM-V0260,2024,LATAM,pickup,Touring,4WD,2856,2053,0.384,2.32,406,2773,JP-2024-5984,true
OAM-V0261,2025,EU,van,Performance,AWD,3196,2084,0.224,2.70,515,1479,GCC-2025-1265,false
OAM-V0262,2026,LATAM,sedan,Base,FWD,2703,1608,0.303,2.45,636,1077,KR-2026-6289,false
OAM-V0263,2027,GCC,liftback,Executive,FWD,2826,1499,0.243,2.30,477,1931,GCC-2027-1217,false
OAM-V0264,2024,JP,crossover,Premium,FWD,2713,1707,0.239,2.88,638,933,JP-2024-7516,true
OAM-V0265,2025,EU,crossover,Fleet,RWD,2789,1656,0.324,3.06,577,1484,KR-2025-1496,false
OAM-V0266,2026,NA,pickup,Touring,RWD,2926,2344,0.315,2.23,537,2565,NA-2026-8256,true
OAM-V0267,2027,JP,liftback,Premium,RWD,2894,1531,0.304,3.06,577,1539,LATAM-2027-5605,true
OAM-V0268,2024,LATAM,suv,Touring,FWD,3245,1903,0.302,3.07,557,775,NA-2024-4089,false
OAM-V0269,2025,GCC,pickup,Performance,RWD,2505,2078,0.252,3.03,516,2797,LATAM-2025-5171,false
OAM-V0270,2026,UK,crossover,Premium,FWD,2948,1704,0.279,2.80,479,582,AU-2026-7934,true
OAM-V0271,2027,GCC,sedan,Performance,FWD,2769,1623,0.263,2.53,675,1827,JP-2027-8866,false
OAM-V0272,2024,AU,crossover,Touring,AWD,2779,1866,0.338,2.81,520,395,GCC-2024-7798,true
OAM-V0273,2025,NA,van,Fleet,RWD,2867,2013,0.388,2.24,603,1571,LATAM-2025-3571,false
OAM-V0274,2026,NA,liftback,Sport,FWD,3098,1449,0.294,2.85,455,448,LATAM-2026-4270,false
OAM-V0275,2027,EU,wagon,Fleet,RWD,3032,1631,0.245,2.77,434,1009,KR-2027-7084,true
OAM-V0276,2024,GCC,crossover,Performance,FWD,2956,1871,0.337,3.12,476,2156,GCC-2024-7987,true
OAM-V0277,2025,AU,liftback,Base,FWD,2740,1600,0.260,2.82,491,741,UK-2025-9491,true
OAM-V0278,2026,NA,pickup,Fleet,FWD,2998,2206,0.280,2.69,327,710,AU-2026-2345,false
OAM-V0279,2027,KR,van,Touring,FWD,3045,2038,0.227,2.91,433,934,UK-2027-7198,false
OAM-V0280,2024,AU,sedan,Sport,RWD,2770,1493,0.344,2.51,604,2616,NA-2024-8549,true
OAM-V0281,2025,AU,sedan,Executive,RWD,3058,1500,0.256,2.87,728,1228,UK-2025-2023,false
OAM-V0282,2026,EU,pickup,Premium,4WD,2980,2296,0.344,3.03,672,1717,AU-2026-8715,false
OAM-V0283,2027,JP,sedan,Performance,FWD,2896,1511,0.382,2.91,576,1888,KR-2027-5262,false
OAM-V0284,2024,EU,sedan,Touring,4WD,2926,1449,0.349,2.69,601,1405,LATAM-2024-5175,true
OAM-V0285,2025,JP,wagon,Base,RWD,2756,1501,0.390,3.00,450,1484,EU-2025-2405,true
OAM-V0286,2026,JP,suv,Performance,RWD,3108,1961,0.238,2.75,524,2219,LATAM-2026-8358,true
OAM-V0287,2027,LATAM,crossover,Touring,AWD,3110,1903,0.361,2.28,584,2508,JP-2027-9501,false
OAM-V0288,2024,UK,pickup,Base,4WD,3174,2172,0.371,3.16,570,738,JP-2024-5726,false
OAM-V0289,2025,NA,pickup,Fleet,AWD,2528,2247,0.266,2.95,751,2355,AU-2025-5491,true
OAM-V0290,2026,JP,liftback,Performance,AWD,3056,1606,0.230,2.98,344,1559,EU-2026-2133,true
OAM-V0291,2027,LATAM,crossover,Executive,4WD,3185,1622,0.336,2.21,485,1354,NA-2027-9274,true
OAM-V0292,2024,UK,suv,Fleet,4WD,2673,1893,0.223,2.76,572,1794,JP-2024-5528,false
OAM-V0293,2025,EU,liftback,Touring,RWD,3016,1542,0.296,2.41,517,1126,EU-2025-5457,false
OAM-V0294,2026,LATAM,pickup,Fleet,FWD,2893,2151,0.228,2.78,629,1775,JP-2026-9159,false
OAM-V0295,2027,LATAM,suv,Fleet,4WD,2993,1956,0.234,2.88,610,122,UK-2027-7365,true
OAM-V0296,2024,NA,pickup,Executive,RWD,3279,2162,0.388,2.64,374,1438,JP-2024-4742,false
OAM-V0297,2025,KR,crossover,Performance,AWD,2973,1770,0.356,2.76,593,1283,EU-2025-8274,false
OAM-V0298,2026,KR,wagon,Premium,FWD,2675,1563,0.334,3.08,472,1415,EU-2026-3415,true
OAM-V0299,2027,NA,van,Premium,4WD,3057,2202,0.347,3.09,595,493,GCC-2027-4271,false
OAM-V0300,2024,KR,van,Touring,FWD,2869,2108,0.288,2.39,663,527,AU-2024-9426,false
OAM-V0301,2025,GCC,van,Premium,AWD,2927,2078,0.229,3.02,493,2044,EU-2025-6331,true
OAM-V0302,2026,UK,crossover,Premium,RWD,2760,1723,0.256,2.65,615,1712,UK-2026-3463,true
OAM-V0303,2027,GCC,crossover,Executive,AWD,3023,1747,0.320,2.42,454,2546,GCC-2027-3411,true
OAM-V0304,2024,JP,wagon,Sport,AWD,2745,1713,0.335,2.98,581,1924,GCC-2024-9224,false
OAM-V0305,2025,GCC,sedan,Premium,FWD,3067,1497,0.382,2.98,611,64,AU-2025-4382,true
OAM-V0306,2026,EU,liftback,Base,RWD,2863,1679,0.282,2.12,679,2520,KR-2026-9615,true
OAM-V0307,2027,UK,suv,Sport,AWD,2893,1979,0.243,2.18,595,953,EU-2027-7276,true
OAM-V0308,2024,GCC,suv,Performance,4WD,3159,1971,0.274,2.80,492,2047,NA-2024-8717,false
OAM-V0309,2025,LATAM,pickup,Premium,4WD,3216,2204,0.333,3.06,365,1861,GCC-2025-6807,false
OAM-V0310,2026,GCC,van,Touring,4WD,2901,2252,0.368,2.15,602,417,EU-2026-3604,true
OAM-V0311,2027,LATAM,wagon,Sport,4WD,2712,1524,0.321,2.99,548,1414,NA-2027-1317,false
OAM-V0312,2024,GCC,wagon,Premium,AWD,2937,1670,0.319,3.09,435,1157,AU-2024-5193,false
OAM-V0313,2025,NA,pickup,Executive,AWD,2312,2222,0.243,2.26,465,2166,JP-2025-2952,true
OAM-V0314,2026,LATAM,pickup,Fleet,RWD,3020,2181,0.225,3.05,567,627,UK-2026-7402,false
OAM-V0315,2027,JP,sedan,Executive,RWD,2858,1511,0.349,2.94,451,5,UK-2027-8272,false
OAM-V0316,2024,AU,wagon,Performance,AWD,2791,1674,0.374,2.79,504,919,LATAM-2024-7584,true
OAM-V0317,2025,LATAM,van,Fleet,FWD,3041,2182,0.352,2.87,570,1069,EU-2025-9004,false
OAM-V0318,2026,EU,liftback,Base,AWD,2832,1372,0.366,2.84,423,3164,LATAM-2026-2399,false
OAM-V0319,2027,KR,van,Executive,4WD,2746,2255,0.325,3.13,517,2175,LATAM-2027-8680,false
OAM-V0320,2024,UK,wagon,Performance,AWD,3220,1726,0.281,2.96,188,2216,JP-2024-4690,false
OAM-V0321,2025,LATAM,crossover,Performance,4WD,2732,1809,0.320,2.99,658,539,LATAM-2025-9821,false
OAM-V0322,2026,UK,van,Fleet,RWD,2964,2151,0.279,2.84,499,1116,JP-2026-1890,false
OAM-V0323,2027,KR,wagon,Touring,AWD,2748,1628,0.288,2.65,440,806,NA-2027-7397,false
OAM-V0324,2024,KR,suv,Base,RWD,2978,2168,0.224,2.14,472,824,KR-2024-5668,false
OAM-V0325,2025,UK,liftback,Executive,4WD,2631,1484,0.389,2.10,617,1854,NA-2025-3400,false
OAM-V0326,2026,JP,crossover,Sport,RWD,2468,1776,0.331,2.50,582,1681,NA-2026-7042,false
OAM-V0327,2027,NA,suv,Sport,AWD,2745,1864,0.292,2.72,705,2410,UK-2027-7821,false
OAM-V0328,2024,EU,crossover,Premium,FWD,3029,1857,0.274,2.51,436,1838,UK-2024-3905,true
OAM-V0329,2025,JP,pickup,Base,FWD,2804,2285,0.332,3.02,489,2604,EU-2025-3479,false
OAM-V0330,2026,NA,van,Base,FWD,2902,2151,0.323,2.63,706,2123,AU-2026-4467,false
OAM-V0331,2027,UK,pickup,Base,FWD,3163,2089,0.269,3.16,491,536,NA-2027-6298,true
OAM-V0332,2024,KR,crossover,Base,4WD,2673,1755,0.323,2.71,610,511,GCC-2024-9324,false
OAM-V0333,2025,LATAM,wagon,Premium,AWD,2745,1621,0.382,2.30,494,390,KR-2025-3395,false
OAM-V0334,2026,GCC,suv,Performance,AWD,2751,2044,0.316,2.17,484,1963,KR-2026-1679,true
OAM-V0335,2027,EU,sedan,Sport,RWD,2921,1474,0.273,3.15,514,1129,UK-2027-9353,false
OAM-V0336,2024,AU,pickup,Performance,4WD,3086,2294,0.278,2.27,719,58,UK-2024-2331,false
OAM-V0337,2025,AU,wagon,Sport,4WD,2856,1633,0.351,2.86,405,2920,GCC-2025-1990,true
OAM-V0338,2026,AU,wagon,Premium,RWD,3020,1668,0.230,2.16,777,1267,NA-2026-4586,true
OAM-V0339,2027,LATAM,wagon,Performance,AWD,3074,1539,0.352,2.21,597,1207,EU-2027-4242,true
OAM-V0340,2024,GCC,liftback,Fleet,FWD,2875,1585,0.384,2.41,713,1642,UK-2024-4666,false
OAM-V0341,2025,EU,crossover,Performance,4WD,2720,1840,0.250,2.28,547,2271,AU-2025-1054,false
OAM-V0342,2026,NA,pickup,Base,4WD,2716,2058,0.239,2.71,540,2359,LATAM-2026-6472,true
OAM-V0343,2027,EU,van,Executive,AWD,2753,2299,0.382,2.83,449,1641,AU-2027-2984,true
OAM-V0344,2024,AU,pickup,Base,4WD,2641,2192,0.270,2.38,691,929,UK-2024-3392,true
OAM-V0345,2025,KR,liftback,Executive,4WD,2900,1536,0.298,2.50,639,120,GCC-2025-6408,true
OAM-V0346,2026,KR,liftback,Executive,AWD,2759,1700,0.224,3.05,636,1641,GCC-2026-7656,false
OAM-V0347,2027,KR,crossover,Touring,4WD,3035,1827,0.298,3.04,401,648,UK-2027-5772,true
OAM-V0348,2024,KR,crossover,Fleet,RWD,3111,1691,0.331,2.95,500,1567,GCC-2024-2162,false
OAM-V0349,2025,JP,suv,Premium,AWD,2975,2009,0.299,2.34,410,926,EU-2025-9209,false
OAM-V0350,2026,AU,wagon,Performance,4WD,3006,1653,0.346,2.38,611,1964,NA-2026-1227,true
OAM-V0351,2027,EU,pickup,Fleet,FWD,2981,2271,0.356,2.24,514,1569,LATAM-2027-5144,false
OAM-V0352,2024,EU,liftback,Sport,4WD,2950,1600,0.372,2.21,544,1682,NA-2024-3276,false
OAM-V0353,2025,KR,suv,Performance,AWD,3128,1952,0.312,2.93,613,247,NA-2025-7409,false
OAM-V0354,2026,JP,liftback,Touring,4WD,2614,1468,0.308,3.10,435,1571,NA-2026-8809,false
OAM-V0355,2027,JP,liftback,Premium,4WD,2864,1719,0.299,2.51,507,537,JP-2027-3396,false
OAM-V0356,2024,KR,van,Executive,4WD,2997,2158,0.270,3.00,595,2058,EU-2024-4849,true
OAM-V0357,2025,LATAM,sedan,Sport,4WD,2997,1415,0.387,2.70,720,1451,EU-2025-8616,true
OAM-V0358,2026,AU,suv,Fleet,4WD,3171,2067,0.342,2.85,335,467,LATAM-2026-8763,false
OAM-V0359,2027,JP,suv,Performance,RWD,3240,1797,0.259,2.68,541,1666,NA-2027-9257,false
OAM-V0360,2024,KR,wagon,Premium,AWD,3102,1723,0.305,2.36,438,1322,UK-2024-8792,false
OAM-V0361,2025,KR,suv,Touring,AWD,2925,2109,0.369,2.95,587,1501,KR-2025-5838,true
OAM-V0362,2026,JP,van,Premium,RWD,2830,2108,0.274,2.36,555,496,KR-2026-1523,true
OAM-V0363,2027,LATAM,suv,Sport,AWD,2999,1783,0.266,3.12,587,1570,AU-2027-8393,true
OAM-V0364,2024,AU,pickup,Touring,FWD,2607,2148,0.240,2.55,424,1625,KR-2024-8222,false
OAM-V0365,2025,EU,crossover,Fleet,RWD,2917,1717,0.308,2.99,480,2560,AU-2025-8511,false
OAM-V0366,2026,LATAM,liftback,Performance,FWD,2706,1648,0.245,2.66,428,2073,AU-2026-5548,false
OAM-V0367,2027,LATAM,crossover,Touring,FWD,2751,1906,0.289,2.45,426,2522,KR-2027-4314,true
OAM-V0368,2024,UK,wagon,Base,4WD,2977,1700,0.228,3.06,580,1224,KR-2024-3598,false
OAM-V0369,2025,UK,van,Premium,FWD,3101,2228,0.376,2.83,577,1889,GCC-2025-3567,true
OAM-V0370,2026,NA,crossover,Touring,AWD,3016,1721,0.241,3.09,473,2097,EU-2026-7119,true
OAM-V0371,2027,LATAM,suv,Base,FWD,3021,2072,0.257,2.31,740,1830,LATAM-2027-9943,false
OAM-V0372,2024,UK,suv,Sport,FWD,2948,2070,0.311,2.23,418,1574,JP-2024-1940,true
OAM-V0373,2025,EU,van,Premium,RWD,2990,2162,0.310,2.11,652,2959,LATAM-2025-4083,false
OAM-V0374,2026,GCC,liftback,Performance,4WD,2940,1469,0.273,2.81,708,1702,EU-2026-5033,false
OAM-V0375,2027,AU,liftback,Performance,RWD,3012,1574,0.339,2.90,509,1012,GCC-2027-6711,true
OAM-V0376,2024,EU,wagon,Touring,FWD,3067,1536,0.253,2.76,505,1959,EU-2024-6765,true
OAM-V0377,2025,GCC,pickup,Base,FWD,2848,2174,0.262,3.02,395,2032,LATAM-2025-8704,true
OAM-V0378,2026,NA,van,Performance,4WD,3122,2114,0.339,2.68,560,1881,LATAM-2026-6619,true
OAM-V0379,2027,UK,pickup,Premium,RWD,2565,2223,0.309,2.82,512,1075,JP-2027-3057,false
OAM-V0380,2024,LATAM,pickup,Base,RWD,3101,2333,0.360,3.01,461,2693,GCC-2024-9476,false
OAM-V0381,2025,LATAM,wagon,Sport,FWD,2892,1476,0.282,2.16,898,1849,JP-2025-1910,false
OAM-V0382,2026,JP,pickup,Base,FWD,3009,2249,0.267,2.39,603,607,AU-2026-2426,true
OAM-V0383,2027,LATAM,sedan,Premium,FWD,2943,1492,0.301,3.05,389,2942,NA-2027-4480,false
OAM-V0384,2024,GCC,wagon,Sport,RWD,2935,1637,0.265,2.32,657,967,KR-2024-6514,true
OAM-V0385,2025,LATAM,crossover,Premium,AWD,3056,1666,0.240,2.94,424,1731,LATAM-2025-5228,false
OAM-V0386,2026,LATAM,sedan,Touring,4WD,2931,1549,0.341,2.65,485,904,NA-2026-1635,true
OAM-V0387,2027,AU,crossover,Performance,4WD,2793,1877,0.359,2.14,562,2084,NA-2027-1664,false
OAM-V0388,2024,NA,sedan,Base,RWD,2846,1490,0.263,2.40,312,571,GCC-2024-9861,false
OAM-V0389,2025,GCC,sedan,Fleet,RWD,3131,1492,0.237,2.46,584,2295,AU-2025-6093,true
OAM-V0390,2026,JP,crossover,Sport,RWD,2951,1812,0.239,2.85,594,1816,NA-2026-2266,false
OAM-V0391,2027,JP,van,Fleet,AWD,2657,2175,0.303,2.83,764,2120,JP-2027-1738,false
OAM-V0392,2024,LATAM,crossover,Sport,FWD,2727,1679,0.221,2.94,767,1897,AU-2024-1944,false
OAM-V0393,2025,NA,suv,Performance,RWD,3124,1927,0.337,3.13,573,913,LATAM-2025-1260,false
OAM-V0394,2026,GCC,suv,Premium,FWD,2973,2130,0.316,2.79,555,2840,JP-2026-3364,true
OAM-V0395,2027,NA,sedan,Fleet,FWD,2956,1524,0.227,3.02,503,2735,JP-2027-9415,true
OAM-V0396,2024,UK,pickup,Base,4WD,2742,2302,0.350,2.86,546,2594,LATAM-2024-7064,false
OAM-V0397,2025,KR,van,Performance,FWD,2938,2324,0.371,3.15,462,1787,AU-2025-5174,true
OAM-V0398,2026,NA,crossover,Performance,RWD,2959,1689,0.330,2.34,411,1768,KR-2026-6202,false
OAM-V0399,2027,AU,wagon,Performance,FWD,2523,1537,0.277,2.30,585,2177,GCC-2027-4970,false
OAM-V0400,2024,EU,crossover,Executive,RWD,2729,1728,0.322,2.20,544,3221,LATAM-2024-9451,true
OAM-V0401,2025,LATAM,crossover,Performance,AWD,3181,1714,0.291,2.84,664,1383,UK-2025-6719,false
OAM-V0402,2026,KR,crossover,Premium,FWD,2978,1783,0.323,2.46,611,1438,GCC-2026-1944,false
OAM-V0403,2027,JP,liftback,Touring,4WD,2715,1674,0.238,3.07,586,3,EU-2027-3694,false
OAM-V0404,2024,UK,liftback,Sport,4WD,3155,1570,0.323,2.77,660,3288,GCC-2024-1626,true
OAM-V0405,2025,EU,crossover,Touring,FWD,2921,1683,0.330,2.09,552,2459,JP-2025-5067,false
OAM-V0406,2026,NA,van,Base,AWD,2639,2047,0.301,3.08,774,1068,KR-2026-4856,false
OAM-V0407,2027,NA,crossover,Premium,4WD,2791,1658,0.228,2.30,630,163,KR-2027-8665,true
OAM-V0408,2024,EU,wagon,Sport,4WD,2911,1653,0.224,3.18,649,1174,LATAM-2024-5004,false
OAM-V0409,2025,LATAM,liftback,Sport,FWD,2859,1582,0.315,2.27,683,559,JP-2025-9517,false
OAM-V0410,2026,NA,wagon,Executive,AWD,3023,1703,0.329,2.80,586,2358,NA-2026-5013,true
OAM-V0411,2027,KR,pickup,Executive,AWD,3115,2275,0.303,2.30,553,2983,AU-2027-9481,false
OAM-V0412,2024,EU,liftback,Fleet,RWD,2879,1626,0.286,2.10,466,1176,JP-2024-4414,true
OAM-V0413,2025,KR,pickup,Touring,RWD,2850,2200,0.370,3.05,678,1492,UK-2025-9471,true
OAM-V0414,2026,UK,van,Fleet,RWD,2767,2244,0.375,2.66,507,1200,NA-2026-6910,true
OAM-V0415,2027,AU,wagon,Touring,4WD,3068,1597,0.237,2.46,659,1698,EU-2027-7464,false
OAM-V0416,2024,GCC,crossover,Performance,AWD,3137,1790,0.277,2.25,544,2508,LATAM-2024-4613,true
OAM-V0417,2025,AU,liftback,Fleet,4WD,2918,1528,0.249,2.84,472,2110,LATAM-2025-8695,true
OAM-V0418,2026,UK,suv,Base,RWD,2866,2062,0.275,3.11,513,1544,UK-2026-5305,false
OAM-V0419,2027,LATAM,van,Fleet,FWD,3107,2085,0.322,2.15,525,1386,NA-2027-2282,true
OAM-V0420,2024,KR,van,Base,RWD,3089,1985,0.262,2.35,507,836,JP-2024-8846,false
OAM-V0421,2025,KR,wagon,Premium,FWD,2749,1763,0.228,2.20,577,861,EU-2025-3482,false
OAM-V0422,2026,KR,crossover,Touring,AWD,2765,1757,0.377,2.94,633,2507,JP-2026-7481,false
OAM-V0423,2027,UK,sedan,Touring,4WD,2756,1471,0.348,2.14,630,2320,LATAM-2027-6441,true
OAM-V0424,2024,LATAM,liftback,Performance,4WD,2672,1769,0.354,2.21,585,2682,KR-2024-3175,false
OAM-V0425,2025,NA,crossover,Performance,4WD,2786,1709,0.385,2.91,457,870,JP-2025-5376,true
OAM-V0426,2026,GCC,wagon,Sport,AWD,3017,1679,0.377,2.41,537,2780,NA-2026-6035,false
OAM-V0427,2027,LATAM,wagon,Performance,FWD,3048,1785,0.279,2.68,615,1434,UK-2027-6137,false
OAM-V0428,2024,LATAM,pickup,Executive,FWD,3139,2259,0.306,3.17,403,1288,EU-2024-7546,false
OAM-V0429,2025,LATAM,crossover,Performance,FWD,2615,1601,0.306,2.80,664,2661,EU-2025-1388,false
OAM-V0430,2026,JP,van,Fleet,4WD,2993,2210,0.275,3.03,572,2393,LATAM-2026-8398,false
OAM-V0431,2027,KR,liftback,Executive,RWD,2858,1655,0.229,3.11,708,2592,NA-2027-5315,true
OAM-V0432,2024,KR,sedan,Fleet,4WD,3016,1417,0.235,2.27,385,1470,UK-2024-2898,false
OAM-V0433,2025,AU,pickup,Fleet,RWD,3018,2222,0.359,2.24,672,1540,EU-2025-9641,false
OAM-V0434,2026,KR,pickup,Base,FWD,2723,2136,0.341,2.70,451,2037,JP-2026-8964,true
OAM-V0435,2027,AU,sedan,Performance,RWD,3084,1638,0.331,2.74,532,1528,JP-2027-5033,true
OAM-V0436,2024,EU,sedan,Touring,FWD,3131,1311,0.305,2.32,574,0,EU-2024-8891,false
OAM-V0437,2025,NA,sedan,Premium,4WD,2699,1648,0.305,2.30,503,1691,LATAM-2025-5505,true
OAM-V0438,2026,KR,sedan,Executive,FWD,2926,1544,0.329,2.85,489,2059,AU-2026-8716,false
OAM-V0439,2027,UK,suv,Sport,AWD,2606,1863,0.297,2.40,459,1803,UK-2027-2945,true
OAM-V0440,2024,NA,pickup,Touring,RWD,2640,2104,0.328,3.12,559,1519,AU-2024-1760,true
OAM-V0441,2025,KR,pickup,Premium,RWD,3060,2096,0.284,2.88,393,1978,JP-2025-6423,true
OAM-V0442,2026,JP,crossover,Premium,RWD,3198,1788,0.305,2.78,401,1305,LATAM-2026-2424,false
OAM-V0443,2027,UK,wagon,Touring,4WD,3095,1719,0.261,2.66,378,771,NA-2027-7910,false
OAM-V0444,2024,EU,pickup,Base,4WD,2907,2325,0.364,2.71,513,2033,KR-2024-3574,false
OAM-V0445,2025,LATAM,crossover,Premium,RWD,3021,1602,0.349,2.85,475,1070,AU-2025-9570,true
OAM-V0446,2026,JP,suv,Performance,RWD,3053,1953,0.340,2.82,612,1293,KR-2026-3173,false
OAM-V0447,2027,LATAM,liftback,Performance,AWD,3105,1517,0.315,3.00,381,2016,JP-2027-6119,false
OAM-V0448,2024,JP,van,Sport,4WD,2786,2181,0.332,2.63,510,1834,LATAM-2024-7134,false
OAM-V0449,2025,UK,liftback,Sport,AWD,2726,1690,0.269,2.40,503,1097,UK-2025-9090,true
OAM-V0450,2026,NA,suv,Premium,AWD,3075,1872,0.223,2.48,445,1686,GCC-2026-9877,true
OAM-V0451,2027,KR,pickup,Base,AWD,2903,2268,0.336,3.04,478,710,UK-2027-3212,false
OAM-V0452,2024,KR,sedan,Sport,RWD,2994,1517,0.253,2.34,665,987,KR-2024-2036,true
OAM-V0453,2025,JP,crossover,Performance,4WD,2752,1707,0.225,3.03,576,803,NA-2025-8237,true
OAM-V0454,2026,JP,crossover,Executive,AWD,2971,1763,0.264,2.80,573,1213,JP-2026-4386,false
OAM-V0455,2027,EU,sedan,Fleet,FWD,2814,1455,0.237,2.30,543,1383,UK-2027-7061,false
OAM-V0456,2024,EU,sedan,Executive,RWD,2979,1592,0.327,2.37,604,1218,LATAM-2024-6575,true
OAM-V0457,2025,EU,sedan,Performance,AWD,3167,1438,0.346,2.65,441,741,KR-2025-4985,false
OAM-V0458,2026,KR,crossover,Touring,AWD,3132,1569,0.245,3.06,748,484,EU-2026-3033,false
OAM-V0459,2027,GCC,van,Premium,AWD,3052,2256,0.256,3.02,781,1555,NA-2027-9349,true
OAM-V0460,2024,JP,liftback,Performance,4WD,2990,1670,0.274,3.15,471,1637,LATAM-2024-1859,false
OAM-V0461,2025,EU,pickup,Touring,AWD,2850,2119,0.304,2.11,605,1753,KR-2025-8166,true
OAM-V0462,2026,GCC,sedan,Premium,RWD,2865,1431,0.325,2.33,565,1499,EU-2026-6025,false
OAM-V0463,2027,LATAM,crossover,Base,4WD,2722,1676,0.227,3.12,504,1734,JP-2027-9698,true
OAM-V0464,2024,KR,suv,Touring,RWD,2950,1932,0.285,2.55,527,1602,AU-2024-9135,false
OAM-V0465,2025,NA,liftback,Premium,FWD,2911,1584,0.277,2.10,598,784,LATAM-2025-4939,false
OAM-V0466,2026,GCC,van,Executive,4WD,2917,2287,0.275,2.19,561,2448,AU-2026-1195,true
OAM-V0467,2027,KR,wagon,Base,FWD,2914,1683,0.237,2.38,484,2078,KR-2027-6407,false
OAM-V0468,2024,UK,suv,Base,AWD,2944,1885,0.262,2.18,353,2701,LATAM-2024-4932,true
OAM-V0469,2025,LATAM,crossover,Performance,4WD,2589,1803,0.380,2.76,581,658,JP-2025-1589,false
OAM-V0470,2026,JP,pickup,Touring,FWD,2466,2147,0.237,2.28,826,1934,KR-2026-7427,true
OAM-V0471,2027,NA,crossover,Executive,AWD,2797,1912,0.371,2.94,733,2261,AU-2027-7542,true
OAM-V0472,2024,JP,pickup,Sport,4WD,2634,2231,0.316,2.88,515,2641,JP-2024-7533,true
OAM-V0473,2025,AU,van,Sport,4WD,2822,2165,0.386,2.13,547,947,LATAM-2025-8100,true
OAM-V0474,2026,NA,crossover,Base,RWD,3061,1741,0.243,2.99,479,1397,EU-2026-4244,false
OAM-V0475,2027,JP,sedan,Premium,AWD,3145,1453,0.221,2.46,460,2349,EU-2027-7606,false
OAM-V0476,2024,AU,pickup,Performance,FWD,2802,2282,0.222,2.93,404,1446,LATAM-2024-8444,false
OAM-V0477,2025,LATAM,sedan,Base,RWD,2970,1386,0.392,2.81,672,2013,JP-2025-3209,false
OAM-V0478,2026,NA,crossover,Sport,RWD,3019,1824,0.321,2.88,514,2834,AU-2026-2798,true
OAM-V0479,2027,EU,liftback,Premium,AWD,2957,1564,0.299,2.84,395,673,KR-2027-9441,false
OAM-V0480,2024,JP,pickup,Fleet,AWD,2963,2189,0.228,2.68,693,1905,NA-2024-4035,true
OAM-V0481,2025,KR,van,Performance,FWD,2836,2082,0.380,2.64,465,1139,AU-2025-2724,true
OAM-V0482,2026,NA,liftback,Executive,AWD,2849,1493,0.342,2.29,509,721,NA-2026-6746,false
OAM-V0483,2027,EU,liftback,Executive,FWD,2971,1619,0.308,2.80,443,1260,JP-2027-1078,false
OAM-V0484,2024,KR,wagon,Sport,AWD,2796,1598,0.245,2.25,375,1836,AU-2024-7177,true
OAM-V0485,2025,UK,wagon,Touring,AWD,2970,1579,0.309,2.90,413,1473,LATAM-2025-7671,false
OAM-V0486,2026,KR,van,Performance,FWD,3023,2093,0.341,2.86,499,1567,EU-2026-3618,false
OAM-V0487,2027,AU,crossover,Touring,AWD,2807,1848,0.327,2.26,628,1012,EU-2027-3868,false
OAM-V0488,2024,JP,sedan,Performance,4WD,2734,1485,0.349,2.66,544,2063,UK-2024-6962,false
OAM-V0489,2025,AU,pickup,Fleet,4WD,2995,2127,0.232,2.32,521,1415,KR-2025-9530,false
OAM-V0490,2026,AU,van,Executive,AWD,3154,2079,0.315,3.04,318,1564,AU-2026-2852,false
OAM-V0491,2027,EU,suv,Executive,RWD,2912,1844,0.266,2.22,424,1991,GCC-2027-3067,true
OAM-V0492,2024,AU,crossover,Fleet,RWD,2640,1792,0.296,2.64,304,727,NA-2024-1540,true
OAM-V0493,2025,UK,crossover,Sport,RWD,2943,1819,0.222,2.28,740,915,JP-2025-4447,true
OAM-V0494,2026,AU,liftback,Sport,RWD,3331,1374,0.266,3.02,582,421,EU-2026-5122,false
OAM-V0495,2027,AU,crossover,Executive,FWD,3032,1628,0.331,2.34,580,706,LATAM-2027-2316,true
OAM-V0496,2024,GCC,liftback,Performance,AWD,3087,1497,0.318,2.32,542,1447,NA-2024-7135,true
OAM-V0497,2025,NA,liftback,Premium,AWD,3027,1603,0.257,2.55,368,2161,AU-2025-9118,false
OAM-V0498,2026,JP,sedan,Executive,FWD,3011,1452,0.392,2.74,573,2309,AU-2026-3055,true
OAM-V0499,2027,EU,liftback,Premium,AWD,2799,1748,0.358,2.25,418,1721,NA-2027-1813,false
OAM-V0500,2024,UK,sedan,Fleet,FWD,3019,1485,0.321,2.60,652,2366,KR-2024-6492,false
OAM-V0501,2025,EU,van,Sport,FWD,2728,2218,0.304,2.76,497,1839,EU-2025-9460,false
OAM-V0502,2026,LATAM,pickup,Fleet,RWD,2926,2209,0.391,3.15,597,2302,GCC-2026-3228,false
OAM-V0503,2027,AU,wagon,Sport,RWD,2694,1578,0.321,2.89,515,850,UK-2027-2257,true
OAM-V0504,2024,NA,suv,Performance,FWD,2957,2000,0.361,2.98,657,1489,JP-2024-6346,false
OAM-V0505,2025,NA,van,Performance,RWD,2617,2242,0.333,2.12,693,1140,JP-2025-3320,false
OAM-V0506,2026,AU,crossover,Base,AWD,3014,1757,0.302,3.18,627,325,KR-2026-3475,false
OAM-V0507,2027,GCC,suv,Fleet,AWD,2901,1997,0.387,2.19,511,663,LATAM-2027-6387,false
OAM-V0508,2024,UK,sedan,Sport,4WD,3042,1613,0.236,2.34,565,986,EU-2024-5649,false
OAM-V0509,2025,NA,suv,Premium,AWD,3056,1919,0.351,3.06,751,1555,LATAM-2025-4888,true
OAM-V0510,2026,GCC,sedan,Touring,AWD,2866,1615,0.220,2.80,423,2234,KR-2026-6302,false
OAM-V0511,2027,AU,van,Base,AWD,2864,2142,0.225,2.10,510,1887,EU-2027-7083,false
OAM-V0512,2024,GCC,crossover,Premium,RWD,2756,1916,0.283,2.99,494,1686,JP-2024-2543,true
OAM-V0513,2025,AU,pickup,Fleet,RWD,2787,2141,0.367,2.72,518,1943,UK-2025-7120,true
OAM-V0514,2026,JP,van,Premium,FWD,2802,2012,0.318,3.16,598,708,LATAM-2026-6079,false
OAM-V0515,2027,UK,crossover,Touring,FWD,2854,1898,0.294,3.05,587,1888,EU-2027-9915,true
OAM-V0516,2024,AU,liftback,Premium,AWD,2869,1573,0.225,3.05,679,1666,LATAM-2024-1819,false
OAM-V0517,2025,LATAM,wagon,Premium,FWD,2830,1601,0.220,3.00,521,1322,JP-2025-4627,false
OAM-V0518,2026,KR,suv,Sport,AWD,3169,1965,0.237,2.35,697,2741,GCC-2026-7224,false
OAM-V0519,2027,LATAM,sedan,Executive,RWD,2936,1573,0.271,2.70,475,2514,EU-2027-7368,true
OAM-V0520,2024,GCC,pickup,Executive,RWD,2653,2210,0.234,2.87,553,806,UK-2024-3600,false
OAM-V0521,2025,LATAM,crossover,Base,FWD,2947,1875,0.293,2.12,515,3187,LATAM-2025-4976,true
OAM-V0522,2026,LATAM,liftback,Base,AWD,3039,1477,0.290,2.10,577,437,EU-2026-8060,false
OAM-V0523,2027,JP,pickup,Touring,RWD,2605,2278,0.305,2.25,531,2731,UK-2027-2650,true
OAM-V0524,2024,LATAM,sedan,Performance,FWD,3008,1382,0.223,2.92,717,2758,JP-2024-7826,false
OAM-V0525,2025,GCC,van,Sport,AWD,2786,2110,0.257,3.12,549,1454,GCC-2025-5535,false
OAM-V0526,2026,JP,suv,Fleet,AWD,2934,2030,0.310,2.76,485,1995,GCC-2026-6783,true
OAM-V0527,2027,NA,crossover,Base,4WD,2949,1725,0.379,2.77,656,1325,GCC-2027-6121,true
OAM-V0528,2024,JP,van,Fleet,4WD,3007,2144,0.363,2.29,510,2151,KR-2024-7536,false
OAM-V0529,2025,GCC,pickup,Performance,4WD,3077,2210,0.377,2.34,415,684,UK-2025-3686,false
OAM-V0530,2026,NA,liftback,Touring,4WD,2852,1379,0.255,2.08,687,1133,AU-2026-7005,false
OAM-V0531,2027,NA,liftback,Sport,RWD,2703,1580,0.320,2.22,665,2179,JP-2027-2048,false
OAM-V0532,2024,JP,wagon,Touring,RWD,2769,1793,0.291,2.73,525,1590,NA-2024-9616,false
OAM-V0533,2025,UK,van,Touring,AWD,2937,2210,0.381,2.66,543,1193,KR-2025-9650,true
OAM-V0534,2026,EU,suv,Base,FWD,2985,2043,0.313,2.56,614,1883,NA-2026-3287,true
OAM-V0535,2027,EU,sedan,Base,4WD,2812,1665,0.338,2.90,632,1149,EU-2027-9115,false
OAM-V0536,2024,LATAM,van,Premium,FWD,3050,2147,0.340,2.78,431,869,NA-2024-6514,true
OAM-V0537,2025,JP,wagon,Premium,RWD,2821,1653,0.252,2.24,557,3192,EU-2025-2777,true
OAM-V0538,2026,UK,liftback,Premium,AWD,2838,1635,0.304,2.63,584,1852,KR-2026-9660,false
OAM-V0539,2027,AU,pickup,Fleet,4WD,2557,2328,0.391,2.33,657,1246,LATAM-2027-3708,false
OAM-V0540,2024,NA,wagon,Performance,FWD,3196,1706,0.260,2.95,733,819,JP-2024-2454,false
OAM-V0541,2025,JP,sedan,Base,4WD,2848,1587,0.315,2.77,429,2825,UK-2025-1921,false
OAM-V0542,2026,LATAM,crossover,Touring,4WD,2470,1754,0.317,2.58,310,2223,JP-2026-2294,false
OAM-V0543,2027,UK,wagon,Performance,AWD,2932,1539,0.307,2.41,562,1851,JP-2027-7594,false
OAM-V0544,2024,GCC,wagon,Executive,FWD,2973,1723,0.224,2.85,450,2076,JP-2024-9665,false
OAM-V0545,2025,AU,sedan,Base,FWD,3229,1478,0.346,3.07,722,1896,UK-2025-8089,false
OAM-V0546,2026,AU,sedan,Base,AWD,2984,1611,0.321,2.33,608,1803,GCC-2026-8942,false
OAM-V0547,2027,KR,crossover,Fleet,FWD,2708,1773,0.359,2.86,614,1156,NA-2027-1163,true
OAM-V0548,2024,JP,pickup,Base,FWD,3024,2130,0.260,2.63,671,1525,AU-2024-8738,false
OAM-V0549,2025,JP,suv,Performance,4WD,2806,2007,0.253,2.35,570,1374,AU-2025-6748,false
OAM-V0550,2026,LATAM,wagon,Base,4WD,2845,1727,0.375,3.11,760,1225,KR-2026-3402,true
OAM-V0551,2027,LATAM,wagon,Sport,RWD,3167,1659,0.295,2.66,514,1445,NA-2027-2219,false
OAM-V0552,2024,AU,suv,Executive,RWD,2830,2025,0.279,2.88,582,2269,AU-2024-1392,true
OAM-V0553,2025,EU,crossover,Fleet,FWD,2992,1843,0.389,3.17,503,507,NA-2025-1655,true
OAM-V0554,2026,NA,crossover,Touring,RWD,2769,1810,0.311,2.60,536,2343,AU-2026-6979,true
OAM-V0555,2027,LATAM,liftback,Base,FWD,2488,1550,0.225,2.18,566,1519,EU-2027-8133,false
OAM-V0556,2024,EU,liftback,Base,RWD,2874,1551,0.246,2.63,588,3107,GCC-2024-5466,false
OAM-V0557,2025,EU,wagon,Executive,4WD,2890,1598,0.350,2.11,568,1093,NA-2025-4300,false
OAM-V0558,2026,UK,pickup,Executive,AWD,2598,2284,0.248,2.17,653,829,UK-2026-4298,true
OAM-V0559,2027,UK,crossover,Touring,FWD,2867,1725,0.238,2.73,321,2505,LATAM-2027-8363,false
OAM-V0560,2024,UK,sedan,Executive,AWD,2894,1494,0.369,2.93,509,1926,UK-2024-7014,false
OAM-V0561,2025,GCC,pickup,Touring,AWD,2825,2239,0.381,3.17,577,1390,KR-2025-7626,false
OAM-V0562,2026,LATAM,sedan,Sport,4WD,3176,1549,0.391,2.14,728,631,KR-2026-3582,false
OAM-V0563,2027,NA,wagon,Performance,AWD,2994,1645,0.365,2.42,397,0,EU-2027-9996,false
OAM-V0564,2024,LATAM,sedan,Fleet,4WD,2681,1515,0.385,3.12,419,2025,JP-2024-8611,false
OAM-V0565,2025,UK,sedan,Premium,4WD,2719,1316,0.376,2.29,405,1934,GCC-2025-6006,false
OAM-V0566,2026,UK,wagon,Fleet,AWD,2882,1664,0.379,2.18,686,2572,GCC-2026-8002,true
OAM-V0567,2027,JP,crossover,Touring,FWD,3044,1789,0.316,2.98,419,994,NA-2027-5458,false
OAM-V0568,2024,LATAM,crossover,Performance,AWD,2821,1834,0.353,2.23,458,1166,GCC-2024-7797,false
OAM-V0569,2025,LATAM,pickup,Sport,FWD,3261,2134,0.354,2.50,649,1599,NA-2025-9996,false
OAM-V0570,2026,NA,crossover,Sport,FWD,3221,1929,0.322,2.89,435,1776,NA-2026-4134,false
OAM-V0571,2027,JP,van,Premium,RWD,2778,2276,0.292,2.98,730,1503,KR-2027-3779,false
OAM-V0572,2024,GCC,liftback,Fleet,FWD,2671,1529,0.313,2.61,487,856,JP-2024-6926,true
OAM-V0573,2025,NA,liftback,Fleet,4WD,2569,1746,0.247,2.58,502,590,KR-2025-6002,true
OAM-V0574,2026,AU,van,Executive,AWD,2554,2140,0.233,2.31,522,1937,EU-2026-5598,false
OAM-V0575,2027,AU,crossover,Fleet,RWD,2676,1748,0.263,2.60,562,2362,EU-2027-2012,false
OAM-V0576,2024,GCC,pickup,Fleet,FWD,3253,2126,0.239,3.09,648,2527,AU-2024-9074,false
OAM-V0577,2025,LATAM,wagon,Fleet,AWD,3029,1794,0.220,2.49,548,935,JP-2025-1210,true
OAM-V0578,2026,LATAM,suv,Performance,FWD,2927,2151,0.308,2.51,521,879,GCC-2026-2409,true
OAM-V0579,2027,AU,pickup,Fleet,FWD,3013,2273,0.389,2.14,574,1801,AU-2027-1559,false
OAM-V0580,2024,LATAM,wagon,Fleet,4WD,2891,1675,0.380,2.64,413,1586,JP-2024-9444,true
OAM-V0581,2025,EU,van,Touring,FWD,2595,2262,0.241,2.43,610,2334,AU-2025-1621,false
OAM-V0582,2026,KR,pickup,Touring,RWD,2980,2316,0.283,3.16,434,1102,GCC-2026-7542,false
OAM-V0583,2027,AU,van,Base,AWD,3043,2185,0.315,3.06,493,1996,LATAM-2027-2522,false
OAM-V0584,2024,JP,crossover,Performance,4WD,3154,1669,0.264,2.39,420,1832,KR-2024-8171,true
OAM-V0585,2025,JP,suv,Fleet,4WD,2928,1970,0.222,2.42,656,1617,KR-2025-6112,false
OAM-V0586,2026,LATAM,crossover,Sport,RWD,2862,1705,0.229,2.62,453,773,UK-2026-5176,true
OAM-V0587,2027,NA,wagon,Fleet,AWD,2759,1651,0.290,2.82,637,1613,UK-2027-9530,true
OAM-V0588,2024,UK,wagon,Base,RWD,2913,1668,0.249,2.39,664,1767,AU-2024-5702,false
OAM-V0589,2025,UK,van,Fleet,FWD,2642,2071,0.332,2.93,631,1749,LATAM-2025-3686,true
OAM-V0590,2026,JP,liftback,Premium,RWD,3016,1583,0.301,2.86,601,2141,UK-2026-5779,true
OAM-V0591,2027,GCC,crossover,Performance,RWD,2921,1701,0.357,2.11,511,878,JP-2027-9396,false
OAM-V0592,2024,NA,suv,Executive,FWD,2892,1923,0.326,3.14,336,1970,LATAM-2024-5841,false
OAM-V0593,2025,EU,sedan,Base,4WD,2737,1445,0.379,2.11,637,2637,LATAM-2025-6282,false
OAM-V0594,2026,EU,crossover,Fleet,FWD,3171,1799,0.318,2.34,515,1110,LATAM-2026-5365,false
OAM-V0595,2027,JP,suv,Performance,RWD,3215,2020,0.278,3.06,508,1561,UK-2027-5151,false
OAM-V0596,2024,JP,suv,Premium,FWD,2697,1909,0.230,3.04,413,2262,LATAM-2024-8524,true
OAM-V0597,2025,JP,sedan,Base,4WD,2729,1396,0.229,3.15,593,509,LATAM-2025-4351,true
OAM-V0598,2026,UK,wagon,Touring,4WD,2915,1609,0.301,2.70,412,1369,NA-2026-7844,false
OAM-V0599,2027,NA,van,Base,RWD,3004,2130,0.377,3.00,670,2114,NA-2027-5103,false
OAM-V0600,2024,GCC,suv,Executive,RWD,3053,1838,0.258,3.02,465,1571,JP-2024-5945,false
OAM-V0601,2025,JP,pickup,Sport,4WD,2796,2220,0.335,2.23,684,982,GCC-2025-8254,false
OAM-V0602,2026,UK,pickup,Executive,FWD,2963,2422,0.226,3.00,519,2224,EU-2026-2064,true
OAM-V0603,2027,JP,pickup,Executive,FWD,2971,2184,0.227,2.86,555,2090,GCC-2027-8506,true
OAM-V0604,2024,GCC,sedan,Executive,FWD,3032,1489,0.344,2.53,471,1985,KR-2024-8578,true
OAM-V0605,2025,EU,wagon,Premium,RWD,3209,1616,0.245,3.16,635,693,UK-2025-4282,false
OAM-V0606,2026,GCC,crossover,Touring,RWD,3157,1766,0.338,3.06,507,874,EU-2026-5853,false
OAM-V0607,2027,KR,van,Performance,RWD,3043,2234,0.359,2.50,343,2759,LATAM-2027-3897,false
OAM-V0608,2024,LATAM,crossover,Touring,RWD,3016,1864,0.250,2.29,322,2204,JP-2024-7605,true
OAM-V0609,2025,AU,pickup,Premium,FWD,3058,2190,0.248,2.96,513,1866,GCC-2025-6653,false
OAM-V0610,2026,GCC,van,Touring,RWD,2904,2135,0.256,2.32,504,1854,KR-2026-7440,false
OAM-V0611,2027,NA,crossover,Sport,RWD,3017,1819,0.364,2.44,654,2037,UK-2027-1654,false
OAM-V0612,2024,UK,sedan,Premium,4WD,3104,1472,0.325,2.10,635,1091,JP-2024-9831,false
OAM-V0613,2025,KR,crossover,Sport,AWD,3051,1676,0.379,2.87,636,831,UK-2025-6619,true
OAM-V0614,2026,EU,suv,Premium,RWD,3069,1948,0.259,3.13,513,2400,LATAM-2026-2832,true
OAM-V0615,2027,GCC,suv,Fleet,4WD,2837,1902,0.299,2.94,520,1914,EU-2027-3766,false
OAM-V0616,2024,NA,van,Base,FWD,3132,2286,0.318,3.01,565,2013,AU-2024-8930,true
OAM-V0617,2025,JP,van,Executive,RWD,3013,2147,0.316,3.06,512,1473,JP-2025-6575,true
OAM-V0618,2026,AU,pickup,Premium,AWD,2913,2194,0.223,2.71,428,1326,JP-2026-2256,false
OAM-V0619,2027,EU,liftback,Sport,AWD,3008,1473,0.368,2.29,439,802,LATAM-2027-7266,false
OAM-V0620,2024,AU,pickup,Sport,RWD,2837,2129,0.370,2.20,406,2194,JP-2024-9262,false
OAM-V0621,2025,GCC,wagon,Sport,AWD,2791,1713,0.230,2.98,626,1312,KR-2025-6728,true
OAM-V0622,2026,UK,van,Premium,FWD,2941,2227,0.368,2.08,585,1242,EU-2026-4278,true
OAM-V0623,2027,UK,liftback,Base,4WD,3086,1590,0.369,3.02,433,1541,GCC-2027-3906,false
OAM-V0624,2024,AU,pickup,Touring,4WD,2794,2246,0.275,2.47,456,1123,GCC-2024-5198,false
OAM-V0625,2025,NA,suv,Premium,RWD,2992,1938,0.348,2.14,584,1419,AU-2025-3675,true
OAM-V0626,2026,GCC,sedan,Fleet,RWD,3140,1570,0.382,3.13,481,2212,UK-2026-8083,true
OAM-V0627,2027,KR,wagon,Performance,AWD,3019,1642,0.370,2.41,595,1780,GCC-2027-5782,false
OAM-V0628,2024,GCC,crossover,Base,FWD,2888,1613,0.285,2.24,487,1314,NA-2024-7074,true
OAM-V0629,2025,KR,suv,Fleet,4WD,3005,1973,0.348,2.44,507,1235,UK-2025-5228,true
OAM-V0630,2026,EU,wagon,Performance,AWD,3090,1546,0.221,2.58,456,2122,NA-2026-3781,true
OAM-V0631,2027,LATAM,wagon,Performance,4WD,2729,1669,0.383,2.32,534,1339,LATAM-2027-8724,false
OAM-V0632,2024,LATAM,wagon,Executive,AWD,2855,1470,0.296,2.97,563,2051,LATAM-2024-6228,true
OAM-V0633,2025,KR,pickup,Executive,RWD,3046,2240,0.364,2.33,656,1866,LATAM-2025-8389,true
OAM-V0634,2026,UK,crossover,Premium,RWD,2910,1876,0.338,2.24,509,2327,GCC-2026-4379,false
OAM-V0635,2027,GCC,liftback,Performance,RWD,2554,1537,0.334,2.80,492,1378,KR-2027-5934,true
OAM-V0636,2024,EU,liftback,Executive,4WD,2927,1595,0.262,2.28,467,502,GCC-2024-5519,false
OAM-V0637,2025,AU,sedan,Touring,AWD,2873,1487,0.240,2.71,609,695,EU-2025-5003,true
OAM-V0638,2026,EU,van,Performance,RWD,3053,2139,0.331,2.33,589,293,UK-2026-1824,false
OAM-V0639,2027,UK,suv,Sport,FWD,2824,1985,0.350,3.11,506,2082,UK-2027-8240,false
OAM-V0640,2024,UK,pickup,Performance,FWD,2554,2229,0.317,3.06,481,1320,JP-2024-8118,false
OAM-V0641,2025,EU,van,Sport,4WD,2685,2243,0.320,2.14,527,993,EU-2025-2261,false
OAM-V0642,2026,KR,sedan,Sport,AWD,2768,1529,0.282,2.25,529,2793,UK-2026-5234,false
OAM-V0643,2027,JP,suv,Touring,FWD,2841,2013,0.324,2.46,512,2374,KR-2027-4769,true
OAM-V0644,2024,AU,liftback,Performance,RWD,2851,1569,0.323,2.63,559,2221,EU-2024-8745,false
OAM-V0645,2025,LATAM,wagon,Premium,FWD,2469,1584,0.240,2.72,731,2293,JP-2025-2243,true
OAM-V0646,2026,GCC,sedan,Touring,4WD,3016,1443,0.233,2.09,576,1787,NA-2026-8414,true
OAM-V0647,2027,LATAM,pickup,Base,4WD,2999,2182,0.374,2.77,574,1881,EU-2027-9028,false
OAM-V0648,2024,NA,sedan,Sport,AWD,3013,1488,0.283,2.61,452,2497,KR-2024-7477,false
OAM-V0649,2025,LATAM,pickup,Base,4WD,2954,2226,0.347,2.72,452,876,NA-2025-6917,true
OAM-V0650,2026,NA,wagon,Sport,FWD,3037,1468,0.365,3.10,524,1399,GCC-2026-9587,true
OAM-V0651,2027,LATAM,wagon,Performance,AWD,2685,1725,0.382,3.09,655,863,KR-2027-5604,false
OAM-V0652,2024,JP,suv,Sport,4WD,3378,1939,0.314,2.76,472,1010,LATAM-2024-2237,false
OAM-V0653,2025,EU,sedan,Sport,AWD,2924,1511,0.317,2.30,709,1211,KR-2025-8751,true
OAM-V0654,2026,KR,crossover,Touring,AWD,3027,1678,0.326,2.53,478,1937,NA-2026-6093,true
OAM-V0655,2027,EU,liftback,Performance,FWD,3279,1710,0.327,2.87,530,1188,JP-2027-2786,false
OAM-V0656,2024,AU,pickup,Base,FWD,3191,2195,0.233,2.35,581,1138,EU-2024-3566,false
OAM-V0657,2025,JP,crossover,Executive,RWD,2631,1853,0.348,3.16,749,2006,AU-2025-2243,false
OAM-V0658,2026,NA,suv,Base,AWD,2934,1893,0.331,2.45,595,1524,EU-2026-9984,true
OAM-V0659,2027,UK,pickup,Touring,RWD,2807,2211,0.280,2.20,642,0,JP-2027-4817,false
OAM-V0660,2024,LATAM,wagon,Fleet,AWD,2843,1672,0.374,2.23,712,2059,JP-2024-8594,false
OAM-V0661,2025,UK,wagon,Base,AWD,3170,1659,0.294,2.78,519,1944,KR-2025-1508,false
OAM-V0662,2026,AU,wagon,Premium,RWD,2838,1502,0.366,2.82,546,2009,EU-2026-2763,false
OAM-V0663,2027,LATAM,pickup,Touring,4WD,2640,2233,0.220,3.14,529,3054,NA-2027-4672,true
OAM-V0664,2024,AU,pickup,Performance,RWD,2957,2312,0.342,2.19,533,2661,KR-2024-7378,false
OAM-V0665,2025,AU,suv,Premium,RWD,2855,2046,0.279,2.72,617,1230,UK-2025-2893,true
OAM-V0666,2026,AU,suv,Touring,RWD,2968,2022,0.268,2.21,727,1601,NA-2026-1199,true
OAM-V0667,2027,UK,crossover,Performance,AWD,3081,1788,0.330,2.59,528,1771,GCC-2027-7198,false
OAM-V0668,2024,LATAM,sedan,Executive,RWD,3023,1479,0.284,2.21,502,1317,NA-2024-9877,true
OAM-V0669,2025,AU,van,Touring,FWD,2866,2168,0.354,2.51,619,1466,AU-2025-6655,false
OAM-V0670,2026,LATAM,wagon,Executive,RWD,3286,1548,0.380,2.77,494,3706,KR-2026-5317,true
OAM-V0671,2027,NA,wagon,Base,FWD,3332,1580,0.324,2.64,532,2748,AU-2027-3174,false
OAM-V0672,2024,LATAM,liftback,Base,4WD,2758,1442,0.228,2.78,479,1127,EU-2024-9326,false
OAM-V0673,2025,LATAM,sedan,Sport,FWD,3164,1322,0.355,2.80,445,2170,LATAM-2025-7898,false
OAM-V0674,2026,NA,van,Fleet,AWD,2999,2080,0.238,2.86,637,2379,GCC-2026-2185,false
OAM-V0675,2027,EU,liftback,Base,AWD,2917,1440,0.384,3.13,504,858,EU-2027-3352,false
OAM-V0676,2024,UK,suv,Executive,AWD,3109,2020,0.318,2.33,539,2120,LATAM-2024-9854,false
OAM-V0677,2025,LATAM,wagon,Executive,AWD,2813,1776,0.365,2.54,545,1036,KR-2025-3790,false
OAM-V0678,2026,KR,liftback,Base,4WD,2898,1525,0.392,2.97,603,2643,AU-2026-1314,true
OAM-V0679,2027,UK,van,Fleet,RWD,3154,2139,0.297,2.36,511,1004,NA-2027-4565,true
OAM-V0680,2024,AU,van,Sport,FWD,2876,2127,0.230,2.99,700,1386,EU-2024-8136,false
OAM-V0681,2025,LATAM,crossover,Premium,RWD,2594,1644,0.352,2.33,592,1754,NA-2025-2404,true
OAM-V0682,2026,JP,sedan,Touring,RWD,2585,1636,0.239,3.03,432,1661,EU-2026-5640,false
OAM-V0683,2027,NA,suv,Base,AWD,3029,1957,0.321,3.06,672,2948,GCC-2027-4832,true
OAM-V0684,2024,AU,liftback,Performance,4WD,2751,1585,0.311,2.45,572,2069,KR-2024-3749,true
OAM-V0685,2025,LATAM,sedan,Touring,RWD,2652,1525,0.250,2.55,354,0,EU-2025-7200,false
OAM-V0686,2026,GCC,liftback,Base,AWD,2946,1648,0.375,2.55,530,2162,NA-2026-7501,false
OAM-V0687,2027,AU,wagon,Fleet,4WD,2925,1529,0.286,3.16,768,2258,AU-2027-8307,false
OAM-V0688,2024,JP,suv,Premium,4WD,2575,2082,0.336,2.75,486,1628,EU-2024-9825,false
OAM-V0689,2025,EU,liftback,Premium,AWD,2884,1427,0.230,3.12,464,1512,AU-2025-9032,true
OAM-V0690,2026,JP,crossover,Performance,FWD,2689,1926,0.227,2.44,559,2277,LATAM-2026-6739,false
OAM-V0691,2027,JP,crossover,Touring,AWD,2797,1749,0.285,2.21,494,695,KR-2027-6610,false
OAM-V0692,2024,NA,wagon,Performance,FWD,3083,1675,0.377,2.70,338,832,GCC-2024-3612,true
OAM-V0693,2025,KR,sedan,Sport,AWD,3012,1502,0.302,2.14,478,2058,LATAM-2025-2441,true
OAM-V0694,2026,UK,liftback,Performance,FWD,3166,1573,0.244,2.14,486,2475,KR-2026-8516,true
OAM-V0695,2027,GCC,liftback,Premium,RWD,2953,1476,0.218,2.53,470,2717,KR-2027-6217,false
OAM-V0696,2024,GCC,suv,Sport,RWD,2904,1993,0.317,2.28,726,2389,KR-2024-2604,false
OAM-V0697,2025,AU,wagon,Touring,FWD,3006,1598,0.328,2.65,365,1662,KR-2025-5709,true
OAM-V0698,2026,JP,crossover,Base,RWD,2865,1703,0.275,2.80,331,713,EU-2026-1765,false
OAM-V0699,2027,GCC,pickup,Fleet,FWD,2691,2025,0.296,3.05,556,1387,NA-2027-4255,false
OAM-V0700,2024,UK,van,Premium,RWD,2712,2184,0.363,3.02,415,1003,AU-2024-8831,true
OAM-V0701,2025,AU,van,Sport,FWD,3052,2206,0.346,2.21,408,1826,EU-2025-8229,false
OAM-V0702,2026,KR,liftback,Fleet,FWD,2881,1622,0.219,3.12,589,1549,EU-2026-5950,false
OAM-V0703,2027,EU,crossover,Performance,4WD,2978,1593,0.318,2.21,514,1527,KR-2027-1040,false
OAM-V0704,2024,NA,liftback,Touring,AWD,2812,1668,0.245,2.64,579,1421,KR-2024-1702,false
OAM-V0705,2025,LATAM,crossover,Executive,FWD,3042,1786,0.305,3.08,567,2180,JP-2025-6898,false
OAM-V0706,2026,LATAM,wagon,Executive,FWD,3098,1729,0.349,2.75,450,2284,UK-2026-1793,true
OAM-V0707,2027,JP,liftback,Executive,FWD,2782,1482,0.370,2.27,437,757,LATAM-2027-2679,false
OAM-V0708,2024,EU,van,Executive,FWD,2912,2176,0.347,2.40,629,1615,AU-2024-8215,false
OAM-V0709,2025,JP,suv,Executive,RWD,3023,2030,0.373,2.10,627,1405,AU-2025-2970,true
OAM-V0710,2026,GCC,sedan,Sport,RWD,3049,1632,0.366,2.44,544,1621,JP-2026-4629,false
OAM-V0711,2027,AU,wagon,Premium,RWD,2919,1659,0.301,2.54,483,828,JP-2027-3836,false
OAM-V0712,2024,UK,suv,Fleet,AWD,2955,2026,0.327,2.21,315,2832,NA-2024-8732,true
OAM-V0713,2025,UK,sedan,Touring,4WD,2904,1546,0.302,2.86,453,1235,GCC-2025-7267,false
OAM-V0714,2026,GCC,sedan,Performance,RWD,3020,1500,0.225,3.14,652,238,JP-2026-8906,false
OAM-V0715,2027,KR,wagon,Executive,FWD,2958,1718,0.388,2.86,582,1595,KR-2027-5368,true
OAM-V0716,2024,NA,wagon,Touring,FWD,2964,1553,0.241,2.49,627,1068,NA-2024-6516,true
OAM-V0717,2025,UK,van,Executive,AWD,2974,2228,0.374,2.21,578,1874,GCC-2025-1489,false
OAM-V0718,2026,EU,wagon,Performance,4WD,3257,1473,0.227,2.76,594,1291,GCC-2026-6583,true
OAM-V0719,2027,KR,suv,Sport,AWD,2899,2077,0.223,3.05,550,2867,AU-2027-8822,false
OAM-V0720,2024,LATAM,crossover,Sport,RWD,2922,1955,0.386,2.68,436,1683,UK-2024-1210,false
OAM-V0721,2025,AU,wagon,Touring,RWD,2884,1630,0.244,2.53,459,1923,UK-2025-2862,false
OAM-V0722,2026,KR,wagon,Premium,4WD,2699,1670,0.284,2.86,554,1583,AU-2026-3913,false
OAM-V0723,2027,EU,pickup,Premium,FWD,3083,2176,0.226,2.56,635,1933,JP-2027-7049,true
OAM-V0724,2024,GCC,suv,Premium,AWD,3178,2010,0.292,2.83,690,678,NA-2024-8291,true
OAM-V0725,2025,NA,crossover,Base,AWD,2840,1798,0.282,2.95,483,1617,EU-2025-4374,true
OAM-V0726,2026,EU,wagon,Sport,FWD,3194,1670,0.243,2.99,382,2303,AU-2026-5141,false
OAM-V0727,2027,LATAM,pickup,Sport,4WD,3229,2294,0.311,3.02,580,1493,KR-2027-1594,true
OAM-V0728,2024,EU,crossover,Executive,RWD,3070,1868,0.382,2.52,566,2124,UK-2024-4891,false
OAM-V0729,2025,NA,suv,Premium,RWD,2877,2000,0.302,2.32,519,1468,UK-2025-6197,false
OAM-V0730,2026,EU,pickup,Executive,AWD,3002,2251,0.340,2.47,536,2913,JP-2026-4271,false
OAM-V0731,2027,LATAM,crossover,Base,RWD,2853,1906,0.240,2.77,646,858,JP-2027-7568,false
OAM-V0732,2024,EU,sedan,Base,4WD,2883,1641,0.350,2.09,452,3326,KR-2024-8428,false
OAM-V0733,2025,EU,pickup,Performance,AWD,2676,2441,0.323,3.16,389,2535,AU-2025-9432,false
OAM-V0734,2026,NA,suv,Touring,RWD,3033,2118,0.247,2.92,683,1558,UK-2026-5793,false
OAM-V0735,2027,AU,wagon,Executive,RWD,2742,1610,0.288,3.14,490,1852,AU-2027-8678,true
OAM-V0736,2024,EU,suv,Performance,AWD,2982,1898,0.282,2.10,565,1142,JP-2024-4347,false
OAM-V0737,2025,GCC,pickup,Sport,FWD,2653,2116,0.381,2.75,297,2640,JP-2025-9079,true
OAM-V0738,2026,LATAM,suv,Performance,AWD,2816,1868,0.271,3.17,658,2365,EU-2026-3497,true
OAM-V0739,2027,JP,van,Sport,4WD,3112,2301,0.277,2.88,712,2176,UK-2027-8297,false
OAM-V0740,2024,NA,wagon,Premium,RWD,3447,1628,0.224,2.69,438,847,UK-2024-8551,true
OAM-V0741,2025,UK,crossover,Base,AWD,2621,1749,0.246,2.10,564,108,UK-2025-5128,false
OAM-V0742,2026,EU,pickup,Base,AWD,2971,2328,0.244,2.23,500,1995,LATAM-2026-1894,false
OAM-V0743,2027,GCC,sedan,Sport,AWD,3203,1524,0.373,3.10,650,2338,LATAM-2027-7995,true
OAM-V0744,2024,EU,liftback,Executive,RWD,2608,1621,0.322,2.77,624,1719,JP-2024-7737,true
OAM-V0745,2025,GCC,suv,Fleet,RWD,3089,1894,0.318,2.70,618,898,GCC-2025-4095,false
OAM-V0746,2026,GCC,liftback,Premium,FWD,2690,1539,0.237,2.60,600,1183,EU-2026-3193,false
OAM-V0747,2027,NA,sedan,Base,RWD,2863,1585,0.297,2.37,399,2346,JP-2027-8621,true
OAM-V0748,2024,GCC,crossover,Performance,AWD,2871,1600,0.321,3.09,641,1230,GCC-2024-8997,false
OAM-V0749,2025,JP,liftback,Executive,RWD,3121,1479,0.376,2.70,582,1397,AU-2025-2756,false
OAM-V0750,2026,UK,crossover,Fleet,RWD,3033,1727,0.323,2.27,395,1451,GCC-2026-9377,false
OAM-V0751,2027,KR,van,Fleet,AWD,3142,2264,0.349,2.19,608,1839,GCC-2027-3601,false
OAM-V0752,2024,GCC,pickup,Base,FWD,2596,2018,0.247,2.57,507,1889,NA-2024-3765,false
OAM-V0753,2025,KR,wagon,Base,4WD,2974,1644,0.280,2.21,560,1124,GCC-2025-6688,true
OAM-V0754,2026,NA,wagon,Performance,4WD,2647,1538,0.313,2.25,422,1479,NA-2026-6845,false
OAM-V0755,2027,GCC,liftback,Performance,RWD,2736,1491,0.256,2.41,669,885,EU-2027-3739,false
OAM-V0756,2024,NA,pickup,Base,FWD,2880,2291,0.252,2.27,546,131,EU-2024-3296,false
OAM-V0757,2025,UK,pickup,Sport,RWD,2467,2076,0.237,2.44,630,2685,UK-2025-5983,false
OAM-V0758,2026,LATAM,crossover,Executive,FWD,2894,1826,0.387,2.23,429,1963,EU-2026-5521,false
OAM-V0759,2027,GCC,crossover,Touring,AWD,2874,1791,0.338,2.57,495,2151,KR-2027-1142,true
OAM-V0760,2024,AU,pickup,Fleet,FWD,2664,2195,0.378,2.18,640,1029,LATAM-2024-8703,true
OAM-V0761,2025,NA,wagon,Performance,FWD,2997,1766,0.352,2.08,556,2534,JP-2025-6056,false
OAM-V0762,2026,NA,suv,Fleet,4WD,2615,1906,0.330,2.54,639,1239,JP-2026-7320,true
OAM-V0763,2027,NA,crossover,Base,FWD,2760,1863,0.330,2.54,828,3441,GCC-2027-4887,false
OAM-V0764,2024,KR,crossover,Fleet,FWD,2909,1701,0.286,2.18,558,66,KR-2024-9179,true
OAM-V0765,2025,AU,van,Premium,RWD,2923,2003,0.292,2.65,475,1711,GCC-2025-5662,true
OAM-V0766,2026,UK,van,Executive,RWD,2815,2218,0.234,2.46,430,1194,GCC-2026-4473,false
OAM-V0767,2027,NA,van,Touring,FWD,3164,2167,0.318,2.45,600,2531,NA-2027-8141,false
OAM-V0768,2024,LATAM,liftback,Executive,RWD,2933,1650,0.267,2.10,511,228,UK-2024-2098,true
OAM-V0769,2025,EU,crossover,Executive,AWD,2890,1828,0.242,2.61,527,2723,AU-2025-3242,true
OAM-V0770,2026,KR,wagon,Performance,RWD,2730,1663,0.323,2.48,390,1753,UK-2026-3446,true
OAM-V0771,2027,AU,wagon,Touring,FWD,2627,1557,0.231,2.37,285,2175,KR-2027-1514,true
OAM-V0772,2024,JP,wagon,Executive,AWD,3017,1617,0.355,2.20,548,367,NA-2024-1636,false
OAM-V0773,2025,NA,crossover,Base,4WD,2768,1811,0.295,3.10,327,1962,JP-2025-8779,false
OAM-V0774,2026,EU,pickup,Touring,4WD,3043,2310,0.273,3.04,468,851,NA-2026-4072,true
OAM-V0775,2027,EU,van,Executive,FWD,2427,1906,0.227,2.26,546,1087,AU-2027-7684,true
OAM-V0776,2024,NA,van,Fleet,AWD,3080,2146,0.334,2.55,512,1712,UK-2024-1786,true
OAM-V0777,2025,EU,crossover,Performance,RWD,3199,1704,0.322,3.05,423,2427,UK-2025-8363,true
OAM-V0778,2026,GCC,liftback,Executive,FWD,2883,1493,0.219,3.12,652,1770,UK-2026-1866,true
OAM-V0779,2027,KR,pickup,Base,RWD,2882,2305,0.327,2.84,503,987,GCC-2027-8712,false
OAM-V0780,2024,AU,suv,Executive,RWD,3185,1939,0.337,2.74,542,1226,AU-2024-7608,true
OAM-V0781,2025,EU,wagon,Premium,AWD,2662,1754,0.276,2.12,632,929,UK-2025-5339,true
OAM-V0782,2026,JP,pickup,Touring,FWD,3219,2204,0.287,2.74,675,1718,LATAM-2026-8438,false
OAM-V0783,2027,KR,suv,Fleet,4WD,2876,1877,0.260,3.15,606,1322,UK-2027-8228,false
OAM-V0784,2024,NA,liftback,Premium,4WD,2925,1633,0.227,2.72,653,564,KR-2024-4538,false
OAM-V0785,2025,UK,wagon,Executive,FWD,2932,1616,0.267,2.70,535,2245,AU-2025-6267,false
OAM-V0786,2026,GCC,van,Fleet,FWD,3032,1978,0.345,2.33,539,1232,UK-2026-7331,true
OAM-V0787,2027,NA,suv,Performance,RWD,2775,2145,0.269,2.55,463,1307,NA-2027-7936,false
OAM-V0788,2024,AU,suv,Base,FWD,3072,2043,0.257,2.90,667,935,NA-2024-4686,false
OAM-V0789,2025,NA,suv,Performance,RWD,2928,1981,0.308,2.22,657,1348,UK-2025-4355,false
OAM-V0790,2026,UK,van,Fleet,RWD,2760,2214,0.355,2.47,599,1674,KR-2026-8608,false
OAM-V0791,2027,LATAM,crossover,Touring,4WD,2943,1818,0.298,2.63,594,1126,UK-2027-7317,false
OAM-V0792,2024,LATAM,crossover,Sport,FWD,2893,1692,0.262,2.59,448,1960,KR-2024-6159,false
OAM-V0793,2025,AU,liftback,Executive,FWD,3039,1542,0.297,2.84,470,1910,EU-2025-2583,true
OAM-V0794,2026,EU,suv,Performance,RWD,3274,1962,0.367,2.65,517,1908,UK-2026-5106,false
OAM-V0795,2027,JP,pickup,Performance,AWD,3319,2183,0.378,2.89,434,1993,GCC-2027-3441,true
OAM-V0796,2024,GCC,wagon,Sport,RWD,3238,1548,0.314,2.68,548,851,UK-2024-4952,false
OAM-V0797,2025,AU,liftback,Premium,FWD,3062,1618,0.232,2.08,571,2457,GCC-2025-7387,true
OAM-V0798,2026,JP,van,Premium,AWD,3040,2179,0.379,2.47,450,2566,NA-2026-2669,false
OAM-V0799,2027,GCC,wagon,Fleet,FWD,2753,1599,0.241,2.87,546,3377,NA-2027-9899,false
OAM-V0800,2024,JP,crossover,Performance,FWD,3240,1792,0.333,2.43,567,1835,KR-2024-5329,false
OAM-V0801,2025,KR,suv,Executive,RWD,2702,2043,0.272,2.39,558,1974,KR-2025-8926,true
OAM-V0802,2026,UK,wagon,Performance,FWD,2923,1755,0.313,2.12,623,1509,UK-2026-8038,false
OAM-V0803,2027,EU,liftback,Fleet,RWD,3253,1618,0.285,2.50,509,620,LATAM-2027-9927,false
OAM-V0804,2024,UK,van,Touring,FWD,3196,2129,0.327,2.12,481,1268,LATAM-2024-6489,true
OAM-V0805,2025,EU,suv,Touring,4WD,2852,2018,0.373,3.12,597,917,UK-2025-6614,false
OAM-V0806,2026,NA,sedan,Fleet,AWD,2967,1646,0.278,2.61,537,2160,LATAM-2026-1749,true
OAM-V0807,2027,KR,wagon,Fleet,AWD,2659,1645,0.268,2.52,545,566,UK-2027-5613,false
OAM-V0808,2024,EU,wagon,Fleet,RWD,2852,1535,0.352,2.23,489,1444,AU-2024-5251,true
OAM-V0809,2025,JP,pickup,Sport,AWD,2957,2309,0.387,2.49,349,1391,EU-2025-3410,false
OAM-V0810,2026,LATAM,liftback,Base,RWD,2774,1624,0.292,2.25,738,1087,GCC-2026-7767,false
OAM-V0811,2027,GCC,liftback,Sport,AWD,2843,1688,0.255,3.12,625,1293,UK-2027-4599,true
OAM-V0812,2024,LATAM,sedan,Touring,FWD,3081,1579,0.348,2.62,626,2622,UK-2024-2730,true
OAM-V0813,2025,AU,wagon,Performance,FWD,2822,1755,0.255,2.33,424,709,KR-2025-4835,true
OAM-V0814,2026,UK,liftback,Touring,4WD,2668,1507,0.390,3.02,590,1028,EU-2026-8512,false
OAM-V0815,2027,EU,liftback,Performance,AWD,2931,1553,0.314,2.20,562,2865,LATAM-2027-9367,false
OAM-V0816,2024,GCC,wagon,Executive,AWD,3095,1608,0.289,2.69,545,1915,LATAM-2024-2401,true
OAM-V0817,2025,EU,suv,Touring,FWD,3193,2110,0.388,2.20,595,1810,UK-2025-4750,true
OAM-V0818,2026,JP,sedan,Fleet,RWD,2816,1485,0.317,2.61,467,2101,NA-2026-6478,false
OAM-V0819,2027,JP,liftback,Executive,RWD,2903,1474,0.337,2.37,625,1723,EU-2027-5974,true
OAM-V0820,2024,NA,wagon,Performance,4WD,3182,1697,0.300,2.32,619,1961,GCC-2024-7358,false
OAM-V0821,2025,AU,suv,Base,4WD,2879,1949,0.227,2.52,573,1144,KR-2025-6871,true
OAM-V0822,2026,KR,wagon,Executive,4WD,3027,1648,0.281,3.02,640,2185,EU-2026-1472,true
OAM-V0823,2027,KR,pickup,Touring,4WD,3098,2137,0.353,2.89,381,2068,EU-2027-6771,false
OAM-V0824,2024,LATAM,liftback,Touring,RWD,3289,1577,0.295,3.17,688,1956,UK-2024-7774,false
OAM-V0825,2025,NA,crossover,Sport,AWD,2646,1712,0.323,2.24,496,497,EU-2025-8893,false
OAM-V0826,2026,JP,pickup,Premium,AWD,3045,2148,0.324,2.99,544,1302,AU-2026-5943,true
OAM-V0827,2027,JP,sedan,Fleet,FWD,2986,1488,0.365,2.26,505,234,AU-2027-6034,false
OAM-V0828,2024,AU,liftback,Executive,RWD,2924,1578,0.390,2.96,531,1883,KR-2024-8623,true
OAM-V0829,2025,KR,suv,Performance,RWD,2880,1897,0.267,3.16,523,1201,LATAM-2025-2313,true
OAM-V0830,2026,JP,liftback,Executive,FWD,3048,1543,0.368,2.77,574,1396,KR-2026-6543,false
OAM-V0831,2027,GCC,liftback,Sport,FWD,3110,1536,0.283,2.52,503,690,UK-2027-2319,false
OAM-V0832,2024,LATAM,crossover,Premium,RWD,2769,1636,0.239,2.33,392,2435,UK-2024-5787,false
OAM-V0833,2025,JP,wagon,Fleet,4WD,3101,1698,0.300,2.46,429,3214,EU-2025-1424,false
OAM-V0834,2026,NA,sedan,Touring,AWD,3128,1584,0.270,2.72,551,1003,UK-2026-5640,true
OAM-V0835,2027,GCC,suv,Base,AWD,2878,2026,0.320,2.34,361,2767,JP-2027-5544,true
OAM-V0836,2024,GCC,pickup,Premium,RWD,3144,2267,0.270,2.63,469,2898,JP-2024-1883,true
OAM-V0837,2025,AU,sedan,Performance,FWD,2988,1541,0.375,2.78,432,2114,LATAM-2025-2920,false
OAM-V0838,2026,EU,suv,Executive,4WD,2983,1797,0.342,2.49,528,0,GCC-2026-9583,true
OAM-V0839,2027,LATAM,crossover,Executive,RWD,2887,1732,0.324,2.97,540,1480,EU-2027-1656,false
OAM-V0840,2024,NA,crossover,Performance,RWD,2951,1739,0.227,3.04,570,2014,UK-2024-2251,false
OAM-V0841,2025,EU,crossover,Premium,4WD,2731,1532,0.268,2.17,373,1196,AU-2025-8243,false
OAM-V0842,2026,JP,crossover,Executive,4WD,2769,1725,0.336,2.65,425,0,GCC-2026-6517,true
OAM-V0843,2027,AU,crossover,Sport,FWD,3019,1926,0.382,3.16,486,1537,UK-2027-4390,true
OAM-V0844,2024,LATAM,pickup,Premium,4WD,2669,2323,0.390,2.24,671,2231,UK-2024-4644,false
OAM-V0845,2025,LATAM,van,Premium,RWD,3072,2213,0.367,2.18,492,481,JP-2025-3953,false
OAM-V0846,2026,AU,van,Performance,4WD,2629,2126,0.349,2.85,586,1334,EU-2026-3866,false
OAM-V0847,2027,EU,liftback,Executive,RWD,2758,1439,0.290,2.63,518,1811,EU-2027-4889,false
OAM-V0848,2024,KR,suv,Touring,FWD,3066,1977,0.320,3.16,571,1230,EU-2024-6791,false
OAM-V0849,2025,JP,sedan,Executive,AWD,2701,1687,0.236,3.18,511,1797,GCC-2025-9202,false
OAM-V0850,2026,UK,sedan,Premium,RWD,2818,1375,0.362,2.68,460,1464,KR-2026-6707,true
OAM-V0851,2027,AU,van,Executive,RWD,2671,2213,0.361,2.39,633,2054,EU-2027-9663,false
OAM-V0852,2024,EU,van,Premium,AWD,2882,2107,0.293,3.15,473,1824,JP-2024-7138,false
OAM-V0853,2025,EU,wagon,Executive,4WD,2933,1586,0.343,3.18,605,2182,EU-2025-6063,false
OAM-V0854,2026,GCC,wagon,Executive,RWD,2445,1638,0.249,2.17,627,1523,GCC-2026-1426,false
OAM-V0855,2027,KR,liftback,Premium,RWD,2782,1541,0.391,2.54,475,2182,KR-2027-1311,false
OAM-V0856,2024,NA,crossover,Sport,RWD,3135,1584,0.369,2.24,650,2816,NA-2024-8969,true
OAM-V0857,2025,UK,van,Premium,4WD,3089,2119,0.384,3.14,633,2505,GCC-2025-7493,true
OAM-V0858,2026,JP,liftback,Executive,FWD,2755,1388,0.260,2.82,534,1294,NA-2026-1918,true
OAM-V0859,2027,NA,pickup,Base,AWD,2989,2135,0.289,2.52,517,1234,EU-2027-4883,true
OAM-V0860,2024,AU,sedan,Sport,RWD,2751,1543,0.300,2.13,501,1294,UK-2024-1332,false
OAM-V0861,2025,GCC,crossover,Executive,4WD,2820,1741,0.278,3.06,517,2768,JP-2025-7320,false
OAM-V0862,2026,LATAM,pickup,Fleet,AWD,2952,2283,0.256,2.52,503,2132,UK-2026-6844,true
OAM-V0863,2027,NA,liftback,Base,AWD,2691,1606,0.369,2.32,640,1989,NA-2027-8985,false
OAM-V0864,2024,LATAM,wagon,Executive,4WD,2952,1639,0.344,2.27,536,1343,KR-2024-6700,false
OAM-V0865,2025,NA,van,Sport,AWD,2897,2062,0.267,2.39,491,759,UK-2025-7150,true
OAM-V0866,2026,KR,van,Fleet,AWD,2888,2101,0.238,2.64,387,2154,JP-2026-7766,false
OAM-V0867,2027,GCC,suv,Executive,AWD,3282,1999,0.277,3.06,600,2494,GCC-2027-1924,false
OAM-V0868,2024,LATAM,wagon,Fleet,4WD,2972,1758,0.282,2.40,538,1282,UK-2024-7645,true
OAM-V0869,2025,AU,sedan,Performance,FWD,2852,1510,0.247,3.15,699,773,AU-2025-4915,false
OAM-V0870,2026,KR,pickup,Executive,FWD,2673,2169,0.350,2.74,406,1272,EU-2026-2949,false
OAM-V0871,2027,JP,suv,Premium,4WD,2513,1853,0.242,2.70,614,1102,GCC-2027-9062,true
OAM-V0872,2024,JP,suv,Touring,AWD,2787,2142,0.283,3.03,463,1008,AU-2024-5953,true
OAM-V0873,2025,GCC,wagon,Base,AWD,3115,1484,0.294,2.97,276,810,GCC-2025-8542,false
OAM-V0874,2026,NA,suv,Executive,4WD,2944,1825,0.334,3.05,667,1601,JP-2026-4486,true
OAM-V0875,2027,JP,crossover,Fleet,4WD,2855,1666,0.308,2.73,656,1169,AU-2027-6623,false
OAM-V0876,2024,LATAM,crossover,Touring,RWD,2970,1596,0.349,2.22,534,1352,AU-2024-9285,true
OAM-V0877,2025,GCC,wagon,Sport,4WD,2792,1652,0.325,2.28,476,2837,LATAM-2025-2191,true
OAM-V0878,2026,NA,sedan,Base,4WD,3083,1638,0.330,2.94,578,1610,NA-2026-3329,false
OAM-V0879,2027,JP,wagon,Performance,AWD,2619,1600,0.391,2.85,664,2068,KR-2027-5553,true
OAM-V0880,2024,AU,sedan,Touring,AWD,2484,1625,0.375,3.12,659,1048,UK-2024-7129,false
OAM-V0881,2025,EU,liftback,Executive,4WD,2926,1626,0.274,2.55,494,1199,NA-2025-7092,true
OAM-V0882,2026,GCC,suv,Performance,4WD,2860,2079,0.338,3.08,572,2792,GCC-2026-6380,false
OAM-V0883,2027,AU,pickup,Performance,4WD,2929,2060,0.391,2.44,540,2165,KR-2027-1467,false
OAM-V0884,2024,NA,van,Touring,RWD,2853,2059,0.371,2.61,665,1326,LATAM-2024-3510,true
OAM-V0885,2025,LATAM,crossover,Premium,4WD,2795,1794,0.260,2.71,338,2037,NA-2025-3824,false
OAM-V0886,2026,UK,suv,Premium,AWD,3115,1839,0.251,2.99,703,1656,UK-2026-9226,false
OAM-V0887,2027,AU,van,Base,FWD,2784,2193,0.267,2.10,642,1583,UK-2027-4253,false
OAM-V0888,2024,GCC,suv,Performance,RWD,3104,1890,0.338,2.47,584,2368,NA-2024-2940,true
OAM-V0889,2025,UK,suv,Executive,RWD,2853,1987,0.234,2.79,576,2479,EU-2025-3629,false
OAM-V0890,2026,KR,pickup,Sport,RWD,2631,2333,0.275,2.83,413,1647,JP-2026-7760,false
OAM-V0891,2027,JP,sedan,Performance,FWD,2803,1575,0.322,2.42,632,2290,NA-2027-8322,true
OAM-V0892,2024,EU,liftback,Premium,RWD,2924,1508,0.279,2.51,454,1682,NA-2024-6303,true
OAM-V0893,2025,NA,sedan,Executive,4WD,2765,1446,0.267,3.07,475,942,JP-2025-1243,true
OAM-V0894,2026,JP,liftback,Performance,4WD,2925,1597,0.351,2.30,566,3337,LATAM-2026-1889,false
OAM-V0895,2027,KR,wagon,Touring,RWD,2892,1671,0.284,2.87,507,2431,LATAM-2027-9837,false
OAM-V0896,2024,JP,wagon,Touring,FWD,2909,1620,0.391,2.47,617,2162,LATAM-2024-5907,true
OAM-V0897,2025,UK,suv,Executive,RWD,2992,2064,0.267,2.53,577,742,UK-2025-4441,true
OAM-V0898,2026,EU,pickup,Base,AWD,3144,2206,0.316,2.97,479,1480,AU-2026-3339,false
OAM-V0899,2027,UK,liftback,Touring,4WD,3038,1553,0.256,2.51,626,1090,LATAM-2027-9967,false
OAM-V0900,2024,JP,sedan,Fleet,FWD,2843,1618,0.360,2.23,548,2789,AU-2024-1604,true
OAM-V0901,2025,AU,crossover,Executive,FWD,3043,1736,0.332,2.44,570,1631,NA-2025-1631,false
OAM-V0902,2026,GCC,sedan,Touring,FWD,3065,1436,0.358,2.38,587,665,GCC-2026-2913,false
OAM-V0903,2027,LATAM,van,Executive,4WD,3327,1991,0.347,2.21,460,607,AU-2027-2784,false
OAM-V0904,2024,UK,liftback,Performance,FWD,2832,1615,0.312,2.76,499,1421,AU-2024-9863,false
OAM-V0905,2025,UK,pickup,Sport,FWD,2700,2315,0.312,2.47,641,924,EU-2025-3512,false
OAM-V0906,2026,UK,liftback,Executive,RWD,3047,1622,0.354,2.70,620,1831,JP-2026-1812,false
OAM-V0907,2027,KR,wagon,Sport,AWD,3119,1674,0.383,2.52,501,2541,AU-2027-7359,false
OAM-V0908,2024,EU,sedan,Base,4WD,2913,1516,0.224,2.99,505,793,AU-2024-9962,false
OAM-V0909,2025,AU,pickup,Base,FWD,2662,2148,0.385,2.58,460,2286,JP-2025-8051,false
OAM-V0910,2026,GCC,wagon,Touring,RWD,2612,1434,0.219,2.10,643,496,JP-2026-8828,false
OAM-V0911,2027,JP,pickup,Sport,RWD,3002,2175,0.296,3.14,464,946,EU-2027-7983,false
OAM-V0912,2024,UK,sedan,Performance,4WD,2790,1598,0.365,2.35,625,2671,LATAM-2024-3007,false
OAM-V0913,2025,GCC,liftback,Base,RWD,2842,1543,0.301,2.48,348,499,NA-2025-9074,false
OAM-V0914,2026,EU,crossover,Premium,RWD,3034,1714,0.380,2.70,440,219,LATAM-2026-4385,true
OAM-V0915,2027,LATAM,crossover,Executive,RWD,2896,1744,0.389,2.72,574,1359,NA-2027-4286,false
OAM-V0916,2024,GCC,wagon,Executive,RWD,2873,1623,0.299,2.48,573,2051,GCC-2024-9114,false
OAM-V0917,2025,EU,van,Touring,AWD,2822,2134,0.292,2.72,578,1599,JP-2025-9033,true
OAM-V0918,2026,NA,van,Base,FWD,3173,2109,0.319,2.36,604,2369,AU-2026-3822,false
OAM-V0919,2027,NA,van,Base,4WD,3002,2074,0.389,2.41,550,1577,KR-2027-9896,false
OAM-V0920,2024,NA,suv,Fleet,FWD,2926,1858,0.335,3.17,456,1263,LATAM-2024-2535,true
OAM-V0921,2025,JP,crossover,Sport,RWD,2769,1582,0.333,2.44,489,1705,AU-2025-1149,true
OAM-V0922,2026,UK,suv,Executive,AWD,3093,1810,0.284,2.91,613,3336,NA-2026-2049,true
OAM-V0923,2027,NA,suv,Performance,FWD,2700,2007,0.293,2.16,569,1622,NA-2027-6408,false
OAM-V0924,2024,JP,wagon,Base,AWD,3128,1596,0.370,2.59,521,1687,JP-2024-4129,true
OAM-V0925,2025,JP,suv,Base,RWD,2577,2169,0.243,2.50,596,1810,JP-2025-2281,true
OAM-V0926,2026,EU,sedan,Touring,RWD,2793,1645,0.334,2.56,385,2247,NA-2026-8748,false
OAM-V0927,2027,LATAM,suv,Executive,RWD,2962,1981,0.223,2.52,465,2108,UK-2027-8686,true
OAM-V0928,2024,EU,sedan,Executive,FWD,2957,1368,0.348,2.25,400,1544,AU-2024-6942,false
OAM-V0929,2025,AU,pickup,Executive,4WD,3027,2184,0.221,2.92,378,2046,UK-2025-2961,true
OAM-V0930,2026,UK,pickup,Base,RWD,2440,2078,0.235,2.99,354,1469,KR-2026-9931,true
OAM-V0931,2027,AU,sedan,Fleet,RWD,2591,1332,0.353,2.68,515,1935,UK-2027-8861,false
OAM-V0932,2024,LATAM,liftback,Executive,RWD,3233,1561,0.320,2.24,542,2458,UK-2024-5780,false
OAM-V0933,2025,EU,wagon,Performance,FWD,2977,1661,0.364,2.46,572,3041,KR-2025-2636,true
OAM-V0934,2026,KR,suv,Base,RWD,2738,2225,0.262,2.46,639,1554,AU-2026-9386,true
OAM-V0935,2027,UK,wagon,Touring,FWD,2712,1600,0.242,2.68,620,2004,LATAM-2027-8181,true
OAM-V0936,2024,AU,sedan,Touring,AWD,2697,1574,0.295,3.10,675,913,KR-2024-6392,true
OAM-V0937,2025,EU,wagon,Base,FWD,3066,1558,0.353,3.01,608,3263,JP-2025-9656,true
OAM-V0938,2026,LATAM,liftback,Premium,AWD,2927,1570,0.388,2.46,632,2109,GCC-2026-7641,false
OAM-V0939,2027,EU,crossover,Premium,FWD,2839,1652,0.267,2.11,432,758,LATAM-2027-3823,false
OAM-V0940,2024,EU,liftback,Touring,4WD,2632,1576,0.356,2.95,576,887,EU-2024-8727,false
OAM-V0941,2025,NA,sedan,Performance,RWD,2794,1468,0.272,2.31,383,2537,LATAM-2025-9990,false
OAM-V0942,2026,LATAM,sedan,Sport,AWD,2786,1625,0.249,2.44,605,1739,LATAM-2026-1019,false
OAM-V0943,2027,JP,sedan,Base,FWD,2677,1467,0.352,3.02,495,2231,KR-2027-1132,true
OAM-V0944,2024,LATAM,van,Fleet,RWD,3005,2255,0.368,2.36,638,1337,LATAM-2024-5603,false
OAM-V0945,2025,EU,pickup,Sport,AWD,2980,2269,0.389,2.27,699,1848,JP-2025-2861,true
OAM-V0946,2026,KR,suv,Base,4WD,3063,1970,0.252,2.71,643,1883,LATAM-2026-3651,false
OAM-V0947,2027,UK,pickup,Touring,4WD,2904,2211,0.365,2.26,556,1511,JP-2027-6002,false
OAM-V0948,2024,JP,suv,Base,RWD,2932,2063,0.388,2.18,592,1092,EU-2024-1668,false
OAM-V0949,2025,UK,van,Performance,4WD,2812,2226,0.330,2.55,493,1588,KR-2025-8200,false
OAM-V0950,2026,EU,suv,Base,4WD,2558,1882,0.243,2.62,666,2850,AU-2026-6525,true
OAM-V0951,2027,GCC,van,Sport,RWD,2936,2221,0.264,2.22,388,1854,AU-2027-9599,true
OAM-V0952,2024,NA,liftback,Premium,FWD,2621,1506,0.290,2.71,570,1520,KR-2024-7442,true
OAM-V0953,2025,JP,suv,Premium,4WD,2815,2097,0.310,2.42,436,1411,GCC-2025-4144,true
OAM-V0954,2026,KR,sedan,Base,RWD,2934,1371,0.251,2.92,477,1294,GCC-2026-9504,true
OAM-V0955,2027,AU,suv,Touring,FWD,2969,2030,0.348,2.37,561,1089,LATAM-2027-1114,true
OAM-V0956,2024,AU,liftback,Premium,AWD,3043,1666,0.387,2.49,443,2099,LATAM-2024-9888,false
OAM-V0957,2025,AU,liftback,Sport,AWD,3143,1583,0.302,2.12,648,1501,LATAM-2025-7622,false
OAM-V0958,2026,EU,van,Performance,FWD,2899,2217,0.340,2.67,417,1061,UK-2026-1414,true
OAM-V0959,2027,LATAM,wagon,Fleet,AWD,3006,1522,0.385,3.13,420,781,EU-2027-2529,true
OAM-V0960,2024,JP,wagon,Fleet,4WD,2923,1639,0.360,2.47,387,1456,LATAM-2024-8143,true
OAM-V0961,2025,AU,crossover,Base,FWD,2892,1553,0.253,2.67,448,1585,UK-2025-5977,false
OAM-V0962,2026,UK,suv,Sport,4WD,2782,2017,0.235,3.03,405,1080,UK-2026-1431,true
OAM-V0963,2027,AU,sedan,Sport,RWD,3129,1453,0.362,2.64,361,1926,UK-2027-2011,true
OAM-V0964,2024,LATAM,liftback,Performance,RWD,3257,1485,0.307,2.63,631,1349,LATAM-2024-7296,true
OAM-V0965,2025,JP,sedan,Fleet,4WD,2906,1563,0.265,2.69,607,643,KR-2025-4594,true
OAM-V0966,2026,GCC,sedan,Touring,RWD,3158,1480,0.391,2.61,434,1250,NA-2026-6552,false
OAM-V0967,2027,JP,crossover,Premium,FWD,2772,1775,0.327,2.88,495,142,AU-2027-9981,false
OAM-V0968,2024,LATAM,liftback,Premium,4WD,3183,1561,0.356,3.08,832,1760,KR-2024-1423,false
OAM-V0969,2025,LATAM,pickup,Performance,AWD,2878,2292,0.352,2.13,378,1474,NA-2025-1642,false
OAM-V0970,2026,NA,van,Performance,AWD,2860,2128,0.252,2.34,452,1121,LATAM-2026-8318,false
OAM-V0971,2027,KR,suv,Touring,4WD,2979,1928,0.336,2.86,622,690,LATAM-2027-1768,false
OAM-V0972,2024,LATAM,wagon,Performance,4WD,2857,1523,0.287,2.10,546,0,LATAM-2024-6915,false
OAM-V0973,2025,JP,crossover,Executive,RWD,3112,1762,0.307,3.08,416,2703,AU-2025-4167,false
OAM-V0974,2026,GCC,suv,Fleet,4WD,3218,2057,0.307,2.75,586,1138,EU-2026-1971,false
OAM-V0975,2027,AU,liftback,Premium,RWD,2876,1508,0.326,2.23,471,1380,JP-2027-6312,false
OAM-V0976,2024,UK,liftback,Performance,4WD,2959,1567,0.388,3.08,463,1230,GCC-2024-9445,false
OAM-V0977,2025,JP,wagon,Sport,4WD,2713,1546,0.381,2.13,566,1329,AU-2025-7838,false
OAM-V0978,2026,NA,crossover,Fleet,4WD,2907,1778,0.253,2.77,620,534,JP-2026-3735,true
OAM-V0979,2027,JP,liftback,Touring,FWD,2778,1556,0.365,2.64,644,133,UK-2027-5326,false
OAM-V0980,2024,GCC,wagon,Sport,4WD,2889,1712,0.278,3.02,629,727,KR-2024-9088,true
OAM-V0981,2025,UK,crossover,Sport,AWD,2775,1825,0.255,2.70,471,2406,NA-2025-3923,false
OAM-V0982,2026,GCC,van,Touring,FWD,3103,2301,0.376,2.54,682,1485,NA-2026-3792,false
OAM-V0983,2027,JP,liftback,Fleet,4WD,3047,1548,0.223,2.79,514,1814,AU-2027-8782,false
OAM-V0984,2024,UK,wagon,Fleet,FWD,2755,1683,0.307,2.20,557,598,GCC-2024-9739,true
OAM-V0985,2025,LATAM,sedan,Fleet,4WD,3017,1490,0.280,2.93,438,1685,EU-2025-1857,true
OAM-V0986,2026,AU,suv,Touring,FWD,2974,2055,0.383,3.08,616,457,GCC-2026-1145,true
OAM-V0987,2027,GCC,van,Touring,4WD,3115,2243,0.238,2.56,482,1559,NA-2027-1490,false
OAM-V0988,2024,NA,liftback,Base,RWD,2684,1455,0.355,2.59,466,2406,JP-2024-1543,true
OAM-V0989,2025,AU,suv,Touring,FWD,2840,2034,0.299,3.00,308,999,GCC-2025-7973,true
OAM-V0990,2026,AU,liftback,Executive,4WD,2903,1575,0.236,3.06,652,2825,AU-2026-7614,false
OAM-V0991,2027,LATAM,pickup,Executive,RWD,2931,2263,0.388,2.91,481,2038,GCC-2027-7629,true
OAM-V0992,2024,JP,pickup,Executive,FWD,3109,2178,0.277,2.90,770,2471,UK-2024-1997,false
OAM-V0993,2025,NA,pickup,Premium,4WD,2774,2218,0.297,3.04,486,3188,JP-2025-9062,false
OAM-V0994,2026,LATAM,liftback,Fleet,4WD,2962,1581,0.284,2.17,498,1049,EU-2026-2243,false
OAM-V0995,2027,NA,van,Touring,AWD,3115,2081,0.264,2.46,554,1103,EU-2027-2046,false
OAM-V0996,2024,LATAM,wagon,Premium,FWD,2923,1551,0.328,3.07,512,2035,UK-2024-2564,true
OAM-V0997,2025,UK,wagon,Sport,RWD,3039,1529,0.389,2.41,646,863,AU-2025-2752,false
OAM-V0998,2026,AU,sedan,Executive,FWD,3058,1600,0.345,2.39,702,2298,KR-2026-6520,true
OAM-V0999,2027,LATAM,van,Performance,RWD,2709,2189,0.321,2.53,505,1568,UK-2027-9831,false
OAM-V1000,2024,KR,crossover,Fleet,4WD,2780,1839,0.384,2.49,434,1443,KR-2024-7843,true
